text,label,lang,scam_type,source
"Mubarak ho! Inaam Ghar main apka 50,000 ka inam lga ha. Apna inam hasil krne k lie apna NayaPay pin is number par send krin.",1,roman_urdu,Phishing - Reward/Lottery Scam,zenodo_21810885
"Your SadaPay OTP for online transaction is 48161966. Do not share this OTP with anyone, not even bank staff.",0,roman_urdu,Bank OTP Message,zenodo_21810885
Easypaisa: Aap ne successfully 12500 PKR transfer kar diye hain. Trx ID: 79762047.,0,roman_urdu,Mobile Wallet Transfer Confirmation,zenodo_21810885
Mubarak ho! BISP main apka 12500 ka inam lga ha. Apna inam hasil krne k lie apna Easypaisa pin is number par send krin.,1,roman_urdu,Phishing - Reward/Lottery Scam,zenodo_21810885
"Your JazzCash OTP for online transaction is 88503646. Do not share this OTP with anyone, not even bank staff.",0,roman_urdu,Bank OTP Message,zenodo_21810885
Easypaisa: Aap ne successfully 10000 PKR transfer kar diye hain. Trx ID: 97681448.,0,roman_urdu,Mobile Wallet Transfer Confirmation,zenodo_21810885
Apka Meezan Bank ka account tax jama na krwane ki waja se block ho gaya hai. Abhi call karein 0385011336 par warna account hamesha k liye band ho jaye ga.,1,roman_urdu,Phishing - Account Block Threat,zenodo_21810885
"Aap ka MCB debit card ATM par use hua hai. Amount: 50,000 PKR. Agar yeh aap ne nahi kiya toh helpline par call karein.",0,roman_urdu,Bank ATM Transaction Alert,zenodo_21810885
Easypaisa: Aap ne successfully 5000 PKR transfer kar diye hain. Trx ID: 62771042.,0,roman_urdu,Mobile Wallet Transfer Confirmation,zenodo_21810885
"Salary of 50,000 PKR has been credited to your Meezan Bank acount. Thank you.",0,roman_urdu,Salary Credit Notification,zenodo_21810885
"Your Meezan Bank OTP for online transaction is 11670787. Do not share this OTP with anyone, not even bank staff.",0,roman_urdu,Bank OTP Message,zenodo_21810885
"Your JazzCash OTP for online transaction is 92492657. Do not share this OTP with anyone, not even bank staff.",0,roman_urdu,Bank OTP Message,zenodo_21810885
"Your SadaPay OTP for online transaction is 85413236. Do not share this OTP with anyone, not even bank staff.",0,roman_urdu,Bank OTP Message,zenodo_21810885
Apka MCB ka account system error ki waja se block ho gaya hai. Abhi pin code dain 0388847639 par warna account hamesha k liye band ho jaye ga.,1,roman_urdu,Phishing - Account Block Threat,zenodo_21810885
Mubarak ho! Inaam Ghar main apka 12500 ka inam lga ha. Apna inam hasil krne k lie apna NayaPay pin is number par send krin.,1,roman_urdu,Phishing - Reward/Lottery Scam,zenodo_21810885
"Dear Consumer, apka is mahine ka IESCO ka bill 350 PKR hai. Due date guzarne se pehle ada karein.",0,roman_urdu,Utility Bill Payment Reminder,zenodo_21810885
Aap k Easypaisa account se 5000 PKR ki deduction hui hai tax ki madd mein.,0,roman_urdu,Bank Tax Deduction Notification,zenodo_21810885
"Dear Consumer, apka is mahine ka PTCL ka bill 1 Lakh PKR hai. Due date guzarne se pehle ada karein.",0,roman_urdu,Utility Bill Payment Reminder,zenodo_21810885
Apka NayaPay ka acount tax jama na krwane ki waja se block ho gaya ha. Abhi pin code dain 0362062776 par warna acount hamesha k liye band ho jaye ga.,1,roman_urdu,Phishing - Account Block Threat,zenodo_21810885
Mubarak ho! Ehsaas Program main apka 12500 ka inam lga ha. Apna inam hasil krne k lie apna Allied Bank pin is number par send krin.,1,roman_urdu,Phishing - Government Scheme Scam,zenodo_21810885
"Easypaisa: Aap ne successfully 75,000 PKR transfer kar diye hain. Trx ID: 64843406.",0,roman_urdu,Mobile Wallet Transfer Confirmation,zenodo_21810885
Mubarak ho! Jeeto Pakistan main apka 2500 ka inam lga ha. Apna inam hasil krne k lie apna UBL pin is number par send krin.,1,roman_urdu,Phishing - Reward/Lottery Scam,zenodo_21810885
Easypaisa: Aap ne successfully 5000 PKR transfer kar diye hain. Trx ID: 92441144.,0,roman_urdu,Mobile Wallet Transfer Confirmation,zenodo_21810885
"Moaziz sarif, apka BISP ki taraf se 12500 PKR ka inaam nikla hai. Taseeq k liye 0362242481 par pin code dain.",1,roman_urdu,Phishing - Reward/Lottery Scam,zenodo_21810885
"Moaziz sarif, apka Jeeto Pakistan ki taraf se 12500 PKR ka inaam nikla hai. Taseeq k liye 0320855993 par details send krain.",1,roman_urdu,Phishing - Reward/Lottery Scam,zenodo_21810885
Easypaisa: Aap ne successfully 5000 PKR transfer kar diye hain. Trx ID: 20084028.,0,roman_urdu,Mobile Wallet Transfer Confirmation,zenodo_21810885
Aap ka SadaPay debit card ATM par use hua hai. Amount: 350 PKR. Agar yeh aap ne nahi kiya toh helpline par call karein.,0,roman_urdu,Bank ATM Transaction Alert,zenodo_21810885
Easypaisa: Aap ne successfully 1 Lakh PKR transfer kar diye hain. Trx ID: 79333380.,0,roman_urdu,Mobile Wallet Transfer Confirmation,zenodo_21810885
Apka State Bank ka account system error ki waja se block ho gaya hai. Abhi sms karin 0331281484 par warna account hamesha k liye band ho jaye ga.,1,roman_urdu,Phishing - Account Block Threat,zenodo_21810885
Mubarak ho! Benazir Income Support main apka 10000 ka inam lga ha. Apna inam hasil krne k lie apna HBL pin is number par send krin.,1,roman_urdu,Phishing - Government Scheme Scam,zenodo_21810885
Mubarak ho! Jeeto Pakistan main apka 10000 ka inam lga ha. Apna inam hasil krne k lie apna UBL pin is number par send krin.,1,roman_urdu,Phishing - Reward/Lottery Scam,zenodo_21810885
"Dear Consumer, apka is mahine ka WASA ka bill 1 Lakh PKR h. Due date guzarne se pehle ada kren.",0,roman_urdu,Utility Bill Payment Reminder,zenodo_21810885
Apka Easypaisa ka account suspicious activity ki waja se block ho gaya hai. Abhi details send krain 0379610008 par warna account hamesha k liye band ho jaye ga.,1,roman_urdu,Phishing - Account Block Threat,zenodo_21810885
"Your HBL OTP for online transaction is 12600159. Do not share this OTP with anyone, not even bank staff.",0,roman_urdu,Bank OTP Message,zenodo_21810885
"Aap k MCB account se 50,000 PKR ki deduction hui hai tax ki madd mein.",0,roman_urdu,Bank Tax Deduction Notification,zenodo_21810885
"Aap ka Allied Bank debit card ATM par use hua hai. Amount: 75,000 PKR. Agar yeh aap ne nahi kiya toh helpline par call karein.",0,roman_urdu,Bank ATM Transaction Alert,zenodo_21810885
Aap ka HBL debit card ATM par use hua ha. Amount: 350 PKR. Agar yeh aap ne nahi kiya toh helpline par call karin.,0,roman_urdu,Bank ATM Transaction Alert,zenodo_21810885
"Moaziz sarif, apka Jeeto Pakistan ki taraf se 50,000 PKR ka inaam nikla hai. Taseeq k liye 0323410115 par rabta krein.",1,roman_urdu,Phishing - Reward/Lottery Scam,zenodo_21810885
"Aap k MCB acount se 50,000 PKR ki deduction hui ha tax ki madd mein.",0,roman_urdu,Bank Tax Deduction Notification,zenodo_21810885
Easypaisa: Aap ne successfully 350 PKR transfer kar diye hain. Trx ID: 52989155.,0,roman_urdu,Mobile Wallet Transfer Confirmation,zenodo_21810885
Apka Meezan Bank ka acount verification na hone ki waja se block ho gaya h. Abhi rabta krein 0336910188 par warna acount hamesha k liye band ho jaye ga.,1,roman_urdu,Phishing - Account Block Threat,zenodo_21810885
Apka JazzCash account hack hone ka khatra hai. Apna password change krne k lie abhi is number par rabta krein.,1,roman_urdu,Phishing - Account Hack Warning,zenodo_21810885
FBR ki taraf se apka JazzCash acc freeze kr dia gya ha. Unblock krwane k lie abhi OTP call kren.,1,roman_urdu,Phishing - Account Freeze (FBR) Threat,zenodo_21810885
FBR ki taraf se apka Easypaisa acc freeze kr dia gya h. Unblock krwane k lie abhi OTP call kren.,1,roman_urdu,Phishing - Account Freeze (FBR) Threat,zenodo_21810885
Apka JazzCash ka account suspicious activity ki waja se block ho gaya hai. Abhi details send krain 0328020776 par warna account hamesha k liye band ho jaye ga.,1,roman_urdu,Phishing - Account Block Threat,zenodo_21810885
Mubarak ho! Jeeto Pakistan main apka 1 Lakh ka inam lga ha. Apna inam hasil krne k lie apna Allied Bank pin is number par send krin.,1,roman_urdu,Phishing - Reward/Lottery Scam,zenodo_21810885
"Your Meezan Bank OTP for online transaction is 90976056. Do not share this OTP with anyone, not even bank staff.",0,roman_urdu,Bank OTP Message,zenodo_21810885
Apka HBL ka acc suspicious activity ki waja se block ho gaya h. Abhi pin code dain 0328526695 par warna acc hamesha k liye band ho jaye ga.,1,roman_urdu,Phishing - Account Block Threat,zenodo_21810885
Mubarak ho! Jeeto Pakistan main apka 5000 ka inam lga ha. Apna inam hasil krne k lie apna SadaPay pin is number par send krin.,1,roman_urdu,Phishing - Reward/Lottery Scam,zenodo_21810885
Traffic Police: Apki gari ka E-Challan generate ho gaya ha. Amount 5000 PKR. Akhri tareekh se pehle PSCA app k zariye pay krn.,0,roman_urdu,Traffic Challan Notification,zenodo_21810885
"Moaziz sarif, apka BISP ki taraf se 50,000 PKR ka inaam nikla ha. Taseeq k liye 0343755158 par rabta krein.",1,roman_urdu,Phishing - Reward/Lottery Scam,zenodo_21810885
Easypaisa: Aap ne successfully 2500 PKR transfer kar diye hain. Trx ID: 44563457.,0,roman_urdu,Mobile Wallet Transfer Confirmation,zenodo_21810885
Mubarak ho! Ehsaas Program main apka 5000 ka inam lga ha. Apna inam hasil krne k lie apna Meezan Bank pin is number par send krin.,1,roman_urdu,Phishing - Government Scheme Scam,zenodo_21810885
"Dear Customer, Apke Meezan Bank account me 50,000 PKR deposit hue hain. Available Balance: 50,000 PKR.",0,roman_urdu,Bank Deposit Notification,zenodo_21810885
"Aap k HBL acount se 50,000 PKR ki deduction hui ha tax ki madd mein.",0,roman_urdu,Bank Tax Deduction Notification,zenodo_21810885
Traffic Police: Apki gari ka E-Challan generate ho gaya h. Amount 1 Lakh PKR. Akhri tareekh se pehle PSCA app k zariye pay krn.,0,roman_urdu,Traffic Challan Notification,zenodo_21810885
Mubarak ho! Inaam Ghar main apka 12500 ka inam lga ha. Apna inam hasil krne k lie apna MCB pin is number par send krin.,1,roman_urdu,Phishing - Reward/Lottery Scam,zenodo_21810885
Apka Meezan Bank ka acc KYC update na hone ki waja se block ho gaya h. Abhi pin code dain 0366211836 par warna acc hamesha k liye band ho jaye ga.,1,roman_urdu,Phishing - Account Block Threat,zenodo_21810885
Apka Easypaisa ka account KYC update na hone ki waja se block ho gaya hai. Abhi details send krain 0330025211 par warna account hamesha k liye band ho jaye ga.,1,roman_urdu,Phishing - Account Block Threat,zenodo_21810885
Apka State Bank ka account KYC update na hone ki waja se block ho gaya hai. Abhi call karein 0310151539 par warna account hamesha k liye band ho jaye ga.,1,roman_urdu,Phishing - Account Block Threat,zenodo_21810885
Mubarak ho! Ehsaas Program main apka 12500 ka inam lga ha. Apna inam hasil krne k lie apna UBL pin is number par send krin.,1,roman_urdu,Phishing - Government Scheme Scam,zenodo_21810885
"Aap k HBL acount se 75,000 PKR ki deduction hui h tax ki madd mein.",0,roman_urdu,Bank Tax Deduction Notification,zenodo_21810885
"Dear Customer, Apke MCB account me 12500 PKR deposit hue hain. Available Balance: 12500 PKR.",0,roman_urdu,Bank Deposit Notification,zenodo_21810885
Mubarak ho! Benazir Income Support main apka 350 ka inam lga ha. Apna inam hasil krne k lie apna Meezan Bank pin is number par send krin.,1,roman_urdu,Phishing - Government Scheme Scam,zenodo_21810885
Traffic Police: Apki gari ka E-Challan generate ho gaya h. Amount 1 Lakh PKR. Akhri tareekh se pehle PSCA app k zariye pay kren.,0,roman_urdu,Traffic Challan Notification,zenodo_21810885
Salary of 10000 PKR has been credited to your NayaPay acount. Thank you.,0,roman_urdu,Salary Credit Notification,zenodo_21810885
"Your Easypaisa OTP for online transaction is 65734968. Do not share this OTP with anyone, not even bank staff.",0,roman_urdu,Bank OTP Message,zenodo_21810885
Easypaisa: Aap ne successfully 12500 PKR transfer kar diye hain. Trx ID: 24168869.,0,roman_urdu,Mobile Wallet Transfer Confirmation,zenodo_21810885
Traffic Police: Apki gari ka E-Challan generate ho gaya ha. Amount 350 PKR. Akhri tareekh se pehle PSCA app k zariye pay karin.,0,roman_urdu,Traffic Challan Notification,zenodo_21810885
FBR ki taraf se apka State Bank account freeze kr dia gya hai. Unblock krwane k lie abhi OTP OTP bataen.,1,roman_urdu,Phishing - Account Freeze (FBR) Threat,zenodo_21810885
"Dear Consumer, apka is mahine ka LESCO ka bill 10000 PKR hai. Due date guzarne se pehle ada karein.",0,roman_urdu,Utility Bill Payment Reminder,zenodo_21810885
Mubarak ho! Benazir Income Support main apka 2500 ka inam lga ha. Apna inam hasil krne k lie apna MCB pin is number par send krin.,1,roman_urdu,Phishing - Government Scheme Scam,zenodo_21810885
"Your Meezan Bank OTP for online transaction is 56194000. Do not share this OTP with anyone, not even bank staff.",0,roman_urdu,Bank OTP Message,zenodo_21810885
FBR ki taraf se apka HBL acc freeze kr dia gya ha. Unblock krwane k lie abhi OTP sms karin.,1,roman_urdu,Phishing - Account Freeze (FBR) Threat,zenodo_21810885
"Dear Consumer, apka is mahine ka PTCL ka bill 2500 PKR hai. Due date guzarne se pehle ada karein.",0,roman_urdu,Utility Bill Payment Reminder,zenodo_21810885
"Mubarak ho! BISP main apka 75,000 ka inam lga ha. Apna inam hasil krne k lie apna Meezan Bank pin is number par send krin.",1,roman_urdu,Phishing - Reward/Lottery Scam,zenodo_21810885
"Dear Consumer, apka is mahine ka IESCO ka bill 1 Lakh PKR h. Due date guzarne se pehle ada krn.",0,roman_urdu,Utility Bill Payment Reminder,zenodo_21810885
"Moaziz sarif, apka BISP ki taraf se 1 Lakh PKR ka inaam nikla h. Taseeq k liye 0386566571 par details send krain.",1,roman_urdu,Phishing - Reward/Lottery Scam,zenodo_21810885
"Moaziz sarif, apka Benazir Income Support ki taraf se 10000 PKR ka inaam nikla ha. Taseeq k liye 0318245575 par call krn.",1,roman_urdu,Phishing - Government Scheme Scam,zenodo_21810885
Easypaisa: Aap ne successfully 1 Lakh PKR transfer kar diye hain. Trx ID: 74684176.,0,roman_urdu,Mobile Wallet Transfer Confirmation,zenodo_21810885
"Mubarak ho! Inaam Ghar main apka 75,000 ka inam lga ha. Apna inam hasil krne k lie apna NayaPay pin is number par send krin.",1,roman_urdu,Phishing - Reward/Lottery Scam,zenodo_21810885
"Bhai apke number par ghalti se mere 5000 rs aa gaye hain easypaisa me, please wapis bhej dain shukar guzar hunga.",1,roman_urdu,Phishing - Wrong Number Refund Scam,zenodo_21810885
Mubarak ho! Inaam Ghar main apka 1 Lakh ka inam lga ha. Apna inam hasil krne k lie apna HBL pin is number par send krin.,1,roman_urdu,Phishing - Reward/Lottery Scam,zenodo_21810885
Easypaisa: Aap ne successfully 2500 PKR transfer kar diye hain. Trx ID: 77657667.,0,roman_urdu,Mobile Wallet Transfer Confirmation,zenodo_21810885
"Your NayaPay OTP for online transaction is 53319372. Do not share this OTP with anyone, not even bank staff.",0,roman_urdu,Bank OTP Message,zenodo_21810885
"Your MCB OTP for online transaction is 44756397. Do not share this OTP with anyone, not even bank staff.",0,roman_urdu,Bank OTP Message,zenodo_21810885
"Easypaisa: Aap ne successfully 75,000 PKR transfer kar diye hain. Trx ID: 31752276.",0,roman_urdu,Mobile Wallet Transfer Confirmation,zenodo_21810885
FBR ki taraf se apka MCB account freeze kr dia gya hai. Unblock krwane k lie abhi OTP sms karin.,1,roman_urdu,Phishing - Account Freeze (FBR) Threat,zenodo_21810885
"Moaziz sarif, apka Benazir Income Support ki taraf se 5000 PKR ka inaam nikla hai. Taseeq k liye 0353081886 par call karein.",1,roman_urdu,Phishing - Government Scheme Scam,zenodo_21810885
Apka JazzCash ka account suspicious activity ki waja se block ho gaya hai. Abhi OTP bataen 0313269989 par warna account hamesha k liye band ho jaye ga.,1,roman_urdu,Phishing - Account Block Threat,zenodo_21810885
Aap ka NayaPay debit card ATM par use hua hai. Amount: 5000 PKR. Agar yeh aap ne nahi kiya toh helpline par call karein.,0,roman_urdu,Bank ATM Transaction Alert,zenodo_21810885
FBR ki taraf se apka SadaPay account freeze kr dia gya hai. Unblock krwane k lie abhi OTP OTP bataen.,1,roman_urdu,Phishing - Account Freeze (FBR) Threat,zenodo_21810885
Easypaisa: Aap ne successfully 12500 PKR transfer kar diye hain. Trx ID: 80486996.,0,roman_urdu,Mobile Wallet Transfer Confirmation,zenodo_21810885
"Traffic Police: Apki gari ka E-Challan generate ho gaya ha. Amount 75,000 PKR. Akhri tareekh se pehle PSCA app k zariye pay krn.",0,roman_urdu,Traffic Challan Notification,zenodo_21810885
IESCO Alert: Apka pichla bill clear ho chuka hai. Current balance is 0 PKR.,0,roman_urdu,Utility Bill Cleared Notification,zenodo_21810885
"Your NayaPay OTP for online transaction is 66426679. Do not share this OTP with anyone, not even bank staff.",0,roman_urdu,Bank OTP Message,zenodo_21810885
Apka Easypaisa ka acount tax jama na krwane ki waja se block ho gaya h. Abhi pin code dain 0371070089 par warna acount hamesha k liye band ho jaye ga.,1,roman_urdu,Phishing - Account Block Threat,zenodo_21810885
Apka Allied Bank ka acount suspicious activity ki waja se block ho gaya ha. Abhi pin code dain 0362093015 par warna acount hamesha k liye band ho jaye ga.,1,roman_urdu,Phishing - Account Block Threat,zenodo_21810885
Easypaisa: Aap ne successfully 2500 PKR transfer kar diye hain. Trx ID: 79184644.,0,roman_urdu,Mobile Wallet Transfer Confirmation,zenodo_21810885
Mubarak ho! Inaam Ghar main apka 2500 ka inam lga ha. Apna inam hasil krne k lie apna MCB pin is number par send krin.,1,roman_urdu,Phishing - Reward/Lottery Scam,zenodo_21810885
Aap k MCB account se 12500 PKR ki deduction hui hai tax ki madd mein.,0,roman_urdu,Bank Tax Deduction Notification,zenodo_21810885
Easypaisa: Aap ne successfully 5000 PKR transfer kar diye hain. Trx ID: 98104896.,0,roman_urdu,Mobile Wallet Transfer Confirmation,zenodo_21810885
FBR ki taraf se apka Meezan Bank acc freeze kr dia gya ha. Unblock krwane k lie abhi OTP call kren.,1,roman_urdu,Phishing - Account Freeze (FBR) Threat,zenodo_21810885
"Moaziz sarif, apka BISP ki taraf se 1 Lakh PKR ka inaam nikla hai. Taseeq k liye 0316513314 par sms karin.",1,roman_urdu,Phishing - Reward/Lottery Scam,zenodo_21810885
"Your UBL OTP for online transaction is 30715676. Do not share this OTP with anyone, not even bank staff.",0,roman_urdu,Bank OTP Message,zenodo_21810885
"Your Easypaisa OTP for online transaction is 15127502. Do not share this OTP with anyone, not even bank staff.",0,roman_urdu,Bank OTP Message,zenodo_21810885
"Moaziz sarif, apka BISP ki taraf se 2500 PKR ka inaam nikla hai. Taseeq k liye 0370292625 par call karein.",1,roman_urdu,Phishing - Reward/Lottery Scam,zenodo_21810885
"Dear Consumer, apka is mahine ka PTCL ka bill 5000 PKR h. Due date guzarne se pehle ada krn.",0,roman_urdu,Utility Bill Payment Reminder,zenodo_21810885
Mubarak ho! Jeeto Pakistan main apka 5000 ka inam lga ha. Apna inam hasil krne k lie apna NayaPay pin is number par send krin.,1,roman_urdu,Phishing - Reward/Lottery Scam,zenodo_21810885
"Moaziz sarif, apka Jeeto Pakistan ki taraf se 5000 PKR ka inaam nikla hai. Taseeq k liye 0343252849 par call karein.",1,roman_urdu,Phishing - Reward/Lottery Scam,zenodo_21810885
Apka MCB ka account verification na hone ki waja se block ho gaya hai. Abhi details send krain 0386093497 par warna account hamesha k liye band ho jaye ga.,1,roman_urdu,Phishing - Account Block Threat,zenodo_21810885
Aap k Easypaisa acc se 5000 PKR ki deduction hui ha tax ki madd mein.,0,roman_urdu,Bank Tax Deduction Notification,zenodo_21810885
"Mubarak ho! Ehsaas Program main apka 75,000 ka inam lga ha. Apna inam hasil krne k lie apna Allied Bank pin is number par send krin.",1,roman_urdu,Phishing - Government Scheme Scam,zenodo_21810885
"Moaziz sarif, apka Ehsaas Program ki taraf se 5000 PKR ka inaam nikla hai. Taseeq k liye 0381137674 par sms karin.",1,roman_urdu,Phishing - Government Scheme Scam,zenodo_21810885
"Moaziz sarif, apka Ehsaas Program ki taraf se 2500 PKR ka inaam nikla hai. Taseeq k liye 0389910179 par OTP bataen.",1,roman_urdu,Phishing - Government Scheme Scam,zenodo_21810885
"Your NayaPay OTP for online transaction is 99453515. Do not share this OTP with anyone, not even bank staff.",0,roman_urdu,Bank OTP Message,zenodo_21810885
Traffic Police: Apki gari ka E-Challan generate ho gaya ha. Amount 1 Lakh PKR. Akhri tareekh se pehle PSCA app k zariye pay karin.,0,roman_urdu,Traffic Challan Notification,zenodo_21810885
Apka MCB ka acc KYC update na hone ki waja se block ho gaya ha. Abhi OTP bataen 0392494467 par warna acc hamesha k liye band ho jaye ga.,1,roman_urdu,Phishing - Account Block Threat,zenodo_21810885
Apka MCB ka account suspicious activity ki waja se block ho gaya hai. Abhi rabta krein 0345380989 par warna account hamesha k liye band ho jaye ga.,1,roman_urdu,Phishing - Account Block Threat,zenodo_21810885
"Your HBL OTP for online transaction is 96268683. Do not share this OTP with anyone, not even bank staff.",0,roman_urdu,Bank OTP Message,zenodo_21810885
Easypaisa: Aap ne successfully 5000 PKR transfer kar diye hain. Trx ID: 33262541.,0,roman_urdu,Mobile Wallet Transfer Confirmation,zenodo_21810885
Aap ka NayaPay debit card ATM par use hua h. Amount: 12500 PKR. Agar yeh aap ne nahi kiya toh helpline par call krn.,0,roman_urdu,Bank ATM Transaction Alert,zenodo_21810885
Easypaisa: Aap ne successfully 10000 PKR transfer kar diye hain. Trx ID: 35478986.,0,roman_urdu,Mobile Wallet Transfer Confirmation,zenodo_21810885
Aap k UBL account se 350 PKR ki deduction hui hai tax ki madd mein.,0,roman_urdu,Bank Tax Deduction Notification,zenodo_21810885
FBR ki taraf se apka UBL account freeze kr dia gya hai. Unblock krwane k lie abhi OTP OTP bataen.,1,roman_urdu,Phishing - Account Freeze (FBR) Threat,zenodo_21810885
"Moaziz sarif, apka Benazir Income Support ki taraf se 10000 PKR ka inaam nikla hai. Taseeq k liye 0320253105 par OTP bataen.",1,roman_urdu,Phishing - Government Scheme Scam,zenodo_21810885
Apka UBL ka acc tax jama na krwane ki waja se block ho gaya ha. Abhi details send krain 0354989757 par warna acc hamesha k liye band ho jaye ga.,1,roman_urdu,Phishing - Account Block Threat,zenodo_21810885
Easypaisa: Aap ne successfully 12500 PKR transfer kar diye hain. Trx ID: 41284269.,0,roman_urdu,Mobile Wallet Transfer Confirmation,zenodo_21810885
"Moaziz sarif, apka Inaam Ghar ki taraf se 2500 PKR ka inaam nikla hai. Taseeq k liye 0370477172 par call karein.",1,roman_urdu,Phishing - Reward/Lottery Scam,zenodo_21810885
"Your HBL OTP for online transaction is 45704619. Do not share this OTP with anyone, not even bank staff.",0,roman_urdu,Bank OTP Message,zenodo_21810885
"Your HBL OTP for online transaction is 30507391. Do not share this OTP with anyone, not even bank staff.",0,roman_urdu,Bank OTP Message,zenodo_21810885
"Moaziz sarif, apka Jeeto Pakistan ki taraf se 75,000 PKR ka inaam nikla ha. Taseeq k liye 0356258133 par rabta krein.",1,roman_urdu,Phishing - Reward/Lottery Scam,zenodo_21810885
Salary of 2500 PKR has been credited to your UBL account. Thank you.,0,roman_urdu,Salary Credit Notification,zenodo_21810885
Apka MCB ka account suspicious activity ki waja se block ho gaya hai. Abhi details send krain 0387473941 par warna account hamesha k liye band ho jaye ga.,1,roman_urdu,Phishing - Account Block Threat,zenodo_21810885
Salary of 350 PKR has been credited to your SadaPay acount. Thank you.,0,roman_urdu,Salary Credit Notification,zenodo_21810885
Traffic Police: Apki gari ka E-Challan generate ho gaya hai. Amount 1 Lakh PKR. Akhri tareekh se pehle PSCA app k zariye pay karein.,0,roman_urdu,Traffic Challan Notification,zenodo_21810885
Mubarak ho! Inaam Ghar main apka 1 Lakh ka inam lga ha. Apna inam hasil krne k lie apna UBL pin is number par send krin.,1,roman_urdu,Phishing - Reward/Lottery Scam,zenodo_21810885
Aap k Meezan Bank acc se 1 Lakh PKR ki deduction hui ha tax ki madd mein.,0,roman_urdu,Bank Tax Deduction Notification,zenodo_21810885
"Moaziz sarif, apka Ehsaas Program ki taraf se 75,000 PKR ka inaam nikla h. Taseeq k liye 0326846996 par sms karin.",1,roman_urdu,Phishing - Government Scheme Scam,zenodo_21810885
Apka Allied Bank ka account verification na hone ki waja se block ho gaya hai. Abhi OTP bataen 0347569364 par warna account hamesha k liye band ho jaye ga.,1,roman_urdu,Phishing - Account Block Threat,zenodo_21810885
"Bh apke number par ghalti se mere 350 rs aa gaye hn easypaisa me, please wapis bhej dain shukar guzar hunga.",1,roman_urdu,Phishing - Wrong Number Refund Scam,zenodo_21810885
Aap ka SadaPay debit card ATM par use hua hai. Amount: 2500 PKR. Agar yeh aap ne nahi kiya toh helpline par call karein.,0,roman_urdu,Bank ATM Transaction Alert,zenodo_21810885
"Dear Customer, Apke Allied Bank acc me 5000 PKR deposit hue hn. Available Balance: 5000 PKR.",0,roman_urdu,Bank Deposit Notification,zenodo_21810885
Easypaisa: Aap ne successfully 350 PKR transfer kar diye hain. Trx ID: 35047253.,0,roman_urdu,Mobile Wallet Transfer Confirmation,zenodo_21810885
"Your UBL OTP for online transaction is 88834620. Do not share this OTP with anyone, not even bank staff.",0,roman_urdu,Bank OTP Message,zenodo_21810885
Salary of 5000 PKR has been credited to your UBL acount. Thank you.,0,roman_urdu,Salary Credit Notification,zenodo_21810885
Mubarak ho! Inaam Ghar main apka 1 Lakh ka inam lga ha. Apna inam hasil krne k lie apna Easypaisa pin is number par send krin.,1,roman_urdu,Phishing - Reward/Lottery Scam,zenodo_21810885
Aap k Easypaisa acc se 2500 PKR ki deduction hui ha tax ki madd mein.,0,roman_urdu,Bank Tax Deduction Notification,zenodo_21810885
Easypaisa: Aap ne successfully 2500 PKR transfer kar diye hain. Trx ID: 46243476.,0,roman_urdu,Mobile Wallet Transfer Confirmation,zenodo_21810885
Apka UBL ka account suspicious activity ki waja se block ho gaya hai. Abhi rabta krein 0367352191 par warna account hamesha k liye band ho jaye ga.,1,roman_urdu,Phishing - Account Block Threat,zenodo_21810885
Easypaisa: Aap ne successfully 350 PKR transfer kar diye hain. Trx ID: 49962534.,0,roman_urdu,Mobile Wallet Transfer Confirmation,zenodo_21810885
Mubarak ho! Ehsaas Program main apka 12500 ka inam lga ha. Apna inam hasil krne k lie apna MCB pin is number par send krin.,1,roman_urdu,Phishing - Government Scheme Scam,zenodo_21810885
"Moaziz sarif, apka Ehsaas Program ki taraf se 1 Lakh PKR ka inaam nikla hai. Taseeq k liye 0365684090 par details send krain.",1,roman_urdu,Phishing - Government Scheme Scam,zenodo_21810885
"Moaziz sarif, apka Benazir Income Support ki taraf se 12500 PKR ka inaam nikla hai. Taseeq k liye 0392373608 par sms karin.",1,roman_urdu,Phishing - Government Scheme Scam,zenodo_21810885
"Moaziz sarif, apka Jeeto Pakistan ki taraf se 1 Lakh PKR ka inaam nikla h. Taseeq k liye 0357935065 par pin code dain.",1,roman_urdu,Phishing - Reward/Lottery Scam,zenodo_21810885
Aap k JazzCash account se 350 PKR ki deduction hui hai tax ki madd mein.,0,roman_urdu,Bank Tax Deduction Notification,zenodo_21810885
"Moaziz sarif, apka Benazir Income Support ki taraf se 75,000 PKR ka inaam nikla hai. Taseeq k liye 0329855365 par call karein.",1,roman_urdu,Phishing - Government Scheme Scam,zenodo_21810885
Salary of 5000 PKR has been credited to your NayaPay acount. Thank you.,0,roman_urdu,Salary Credit Notification,zenodo_21810885
Salary of 2500 PKR has been credited to your Meezan Bank acc. Thank you.,0,roman_urdu,Salary Credit Notification,zenodo_21810885
"Aap ka SadaPay debit card ATM par use hua hai. Amount: 75,000 PKR. Agar yeh aap ne nahi kiya toh helpline par call karein.",0,roman_urdu,Bank ATM Transaction Alert,zenodo_21810885
Mubarak ho! Benazir Income Support main apka 350 ka inam lga ha. Apna inam hasil krne k lie apna State Bank pin is number par send krin.,1,roman_urdu,Phishing - Government Scheme Scam,zenodo_21810885
"Dear Customer, Apke JazzCash acount me 1 Lakh PKR deposit hue hn. Available Balance: 1 Lakh PKR.",0,roman_urdu,Bank Deposit Notification,zenodo_21810885
"Mubarak ho! Jeeto Pakistan main apka 75,000 ka inam lga ha. Apna inam hasil krne k lie apna NayaPay pin is number par send krin.",1,roman_urdu,Phishing - Reward/Lottery Scam,zenodo_21810885
"Dear Customer, Apke Meezan Bank account me 1 Lakh PKR deposit hue hain. Available Balance: 1 Lakh PKR.",0,roman_urdu,Bank Deposit Notification,zenodo_21810885
"Your Meezan Bank OTP for online transaction is 70735056. Do not share this OTP with anyone, not even bank staff.",0,roman_urdu,Bank OTP Message,zenodo_21810885
Aap k JazzCash acc se 10000 PKR ki deduction hui h tax ki madd mein.,0,roman_urdu,Bank Tax Deduction Notification,zenodo_21810885
"Moaziz sarif, apka BISP ki taraf se 10000 PKR ka inaam nikla hai. Taseeq k liye 0359521680 par details send krain.",1,roman_urdu,Phishing - Reward/Lottery Scam,zenodo_21810885
Easypaisa: Aap ne successfully 1 Lakh PKR transfer kar diye hain. Trx ID: 51596630.,0,roman_urdu,Mobile Wallet Transfer Confirmation,zenodo_21810885
"Moaziz sarif, apka Benazir Income Support ki taraf se 50,000 PKR ka inaam nikla hai. Taseeq k liye 0387649836 par details send krain.",1,roman_urdu,Phishing - Government Scheme Scam,zenodo_21810885
Aap k MCB account se 10000 PKR ki deduction hui hai tax ki madd mein.,0,roman_urdu,Bank Tax Deduction Notification,zenodo_21810885
"Dear Customer, Apke Meezan Bank acount me 5000 PKR deposit hue hn. Available Balance: 5000 PKR.",0,roman_urdu,Bank Deposit Notification,zenodo_21810885
"Your HBL OTP for online transaction is 64728257. Do not share this OTP with anyone, not even bank staff.",0,roman_urdu,Bank OTP Message,zenodo_21810885
Aap ka State Bank debit card ATM par use hua hai. Amount: 10000 PKR. Agar yeh aap ne nahi kiya toh helpline par call karein.,0,roman_urdu,Bank ATM Transaction Alert,zenodo_21810885
"Dear Customer, Apke NayaPay acount me 1 Lakh PKR deposit hue hn. Available Balance: 1 Lakh PKR.",0,roman_urdu,Bank Deposit Notification,zenodo_21810885
Easypaisa: Aap ne successfully 10000 PKR transfer kar diye hn. Trx ID: 61128789.,0,roman_urdu,Mobile Wallet Transfer Confirmation,zenodo_21810885
"Your Meezan Bank OTP for online transaction is 80277814. Do not share this OTP with anyone, not even bank staff.",0,roman_urdu,Bank OTP Message,zenodo_21810885
"Aap ka HBL debit card ATM par use hua hai. Amount: 50,000 PKR. Agar yeh aap ne nahi kiya toh helpline par call karein.",0,roman_urdu,Bank ATM Transaction Alert,zenodo_21810885
"Your Allied Bank OTP for online transaction is 93038670. Do not share this OTP with anyone, not even bank staff.",0,roman_urdu,Bank OTP Message,zenodo_21810885
Apka HBL account hack hone ka khatra hai. Apna password change krne k lie abhi is number par rabta krein.,1,roman_urdu,Phishing - Account Hack Warning,zenodo_21810885
"Moaziz sarif, apka BISP ki taraf se 5000 PKR ka inaam nikla h. Taseeq k liye 0345653091 par call kren.",1,roman_urdu,Phishing - Reward/Lottery Scam,zenodo_21810885
"Moaziz sarif, apka Ehsaas Program ki taraf se 2500 PKR ka inaam nikla hai. Taseeq k liye 0397488855 par pin code dain.",1,roman_urdu,Phishing - Government Scheme Scam,zenodo_21810885
"Moaziz sarif, apka Ehsaas Program ki taraf se 5000 PKR ka inaam nikla hai. Taseeq k liye 0325310311 par call karein.",1,roman_urdu,Phishing - Government Scheme Scam,zenodo_21810885
"Your JazzCash OTP for online transaction is 56394566. Do not share this OTP with anyone, not even bank staff.",0,roman_urdu,Bank OTP Message,zenodo_21810885
Aap k HBL acc se 12500 PKR ki deduction hui ha tax ki madd mein.,0,roman_urdu,Bank Tax Deduction Notification,zenodo_21810885
"Moaziz sarif, apka Ehsaas Program ki taraf se 10000 PKR ka inaam nikla hai. Taseeq k liye 0398877344 par details send krain.",1,roman_urdu,Phishing - Government Scheme Scam,zenodo_21810885
FBR ki taraf se apka Allied Bank account freeze kr dia gya hai. Unblock krwane k lie abhi OTP OTP bataen.,1,roman_urdu,Phishing - Account Freeze (FBR) Threat,zenodo_21810885
Aap k JazzCash acc se 350 PKR ki deduction hui h tax ki madd mein.,0,roman_urdu,Bank Tax Deduction Notification,zenodo_21810885
Mubarak ho! Inaam Ghar main apka 10000 ka inam lga ha. Apna inam hasil krne k lie apna Allied Bank pin is number par send krin.,1,roman_urdu,Phishing - Reward/Lottery Scam,zenodo_21810885
"Moaziz sarif, apka Inaam Ghar ki taraf se 350 PKR ka inaam nikla hai. Taseeq k liye 0378296035 par OTP bataen.",1,roman_urdu,Phishing - Reward/Lottery Scam,zenodo_21810885
Easypaisa: Aap ne successfully 12500 PKR transfer kar diye hain. Trx ID: 25220947.,0,roman_urdu,Mobile Wallet Transfer Confirmation,zenodo_21810885
"Easypaisa: Aap ne successfully 75,000 PKR transfer kar diye hain. Trx ID: 45894984.",0,roman_urdu,Mobile Wallet Transfer Confirmation,zenodo_21810885
"Dear Customer, Apke NayaPay account me 12500 PKR deposit hue hain. Available Balance: 12500 PKR.",0,roman_urdu,Bank Deposit Notification,zenodo_21810885
Apka NayaPay ka account verification na hone ki waja se block ho gaya hai. Abhi call karein 0335235527 par warna account hamesha k liye band ho jaye ga.,1,roman_urdu,Phishing - Account Block Threat,zenodo_21810885
"Aap k State Bank account se 50,000 PKR ki deduction hui hai tax ki madd mein.",0,roman_urdu,Bank Tax Deduction Notification,zenodo_21810885
"Your JazzCash OTP for online transaction is 18484912. Do not share this OTP with anyone, not even bank staff.",0,roman_urdu,Bank OTP Message,zenodo_21810885
"Your NayaPay OTP for online transaction is 31147168. Do not share this OTP with anyone, not even bank staff.",0,roman_urdu,Bank OTP Message,zenodo_21810885
"Your MCB OTP for online transaction is 35189665. Do not share this OTP with anyone, not even bank staff.",0,roman_urdu,Bank OTP Message,zenodo_21810885
"Mubarak ho! Ehsaas Program main apka 50,000 ka inam lga ha. Apna inam hasil krne k lie apna NayaPay pin is number par send krin.",1,roman_urdu,Phishing - Government Scheme Scam,zenodo_21810885
Apka Easypaisa ka account system error ki waja se block ho gaya hai. Abhi rabta krein 0322118454 par warna account hamesha k liye band ho jaye ga.,1,roman_urdu,Phishing - Account Block Threat,zenodo_21810885
Aap ka SadaPay debit card ATM par use hua h. Amount: 1 Lakh PKR. Agar yeh aap ne nahi kiya toh helpline par call karin.,0,roman_urdu,Bank ATM Transaction Alert,zenodo_21810885
Mubarak ho! Jeeto Pakistan main apka 2500 ka inam lga ha. Apna inam hasil krne k lie apna HBL pin is number par send krin.,1,roman_urdu,Phishing - Reward/Lottery Scam,zenodo_21810885
"Salary of 50,000 PKR has been credited to your UBL acount. Thank you.",0,roman_urdu,Salary Credit Notification,zenodo_21810885
"Your State Bank OTP for online transaction is 43974715. Do not share this OTP with anyone, not even bank staff.",0,roman_urdu,Bank OTP Message,zenodo_21810885
"Your Allied Bank OTP for online transaction is 18025000. Do not share this OTP with anyone, not even bank staff.",0,roman_urdu,Bank OTP Message,zenodo_21810885
Apka NayaPay ka account KYC update na hone ki waja se block ho gaya hai. Abhi sms karin 0348164984 par warna account hamesha k liye band ho jaye ga.,1,roman_urdu,Phishing - Account Block Threat,zenodo_21810885
"Dear Customer, Apke NayaPay acc me 350 PKR deposit hue hn. Available Balance: 350 PKR.",0,roman_urdu,Bank Deposit Notification,zenodo_21810885
"Moaziz sarif, apka Ehsaas Program ki taraf se 12500 PKR ka inaam nikla hai. Taseeq k liye 0391463803 par rabta krein.",1,roman_urdu,Phishing - Government Scheme Scam,zenodo_21810885
Apka Allied Bank account hack hone ka khatra hai. Apna password change krne k lie abhi is number par OTP bataen.,1,roman_urdu,Phishing - Account Hack Warning,zenodo_21810885
Mubarak ho! Ehsaas Program main apka 10000 ka inam lga ha. Apna inam hasil krne k lie apna JazzCash pin is number par send krin.,1,roman_urdu,Phishing - Government Scheme Scam,zenodo_21810885
FBR ki taraf se apka Easypaisa acc freeze kr dia gya ha. Unblock krwane k lie abhi OTP pin code dain.,1,roman_urdu,Phishing - Account Freeze (FBR) Threat,zenodo_21810885
Apka JazzCash account hack hone ka khatra hai. Apna password change krne k lie abhi is number par sms karin.,1,roman_urdu,Phishing - Account Hack Warning,zenodo_21810885
FBR ki taraf se apka Meezan Bank account freeze kr dia gya hai. Unblock krwane k lie abhi OTP pin code dain.,1,roman_urdu,Phishing - Account Freeze (FBR) Threat,zenodo_21810885
"Salary of 75,000 PKR has been credited to your Meezan Bank acount. Thank you.",0,roman_urdu,Salary Credit Notification,zenodo_21810885
"Easypaisa: Aap ne successfully 75,000 PKR transfer kar diye hain. Trx ID: 82585720.",0,roman_urdu,Mobile Wallet Transfer Confirmation,zenodo_21810885
Easypaisa: Aap ne successfully 350 PKR transfer kar diye hain. Trx ID: 98042715.,0,roman_urdu,Mobile Wallet Transfer Confirmation,zenodo_21810885
"Moaziz sarif, apka Inaam Ghar ki taraf se 2500 PKR ka inaam nikla hai. Taseeq k liye 0394642740 par pin code dain.",1,roman_urdu,Phishing - Reward/Lottery Scam,zenodo_21810885
FBR ki taraf se apka State Bank acount freeze kr dia gya ha. Unblock krwane k lie abhi OTP sms karin.,1,roman_urdu,Phishing - Account Freeze (FBR) Threat,zenodo_21810885
"Your HBL OTP for online transaction is 22762664. Do not share this OTP with anyone, not even bank staff.",0,roman_urdu,Bank OTP Message,zenodo_21810885
Aap k JazzCash account se 2500 PKR ki deduction hui hai tax ki madd mein.,0,roman_urdu,Bank Tax Deduction Notification,zenodo_21810885
"Moaziz sarif, apka Ehsaas Program ki taraf se 75,000 PKR ka inaam nikla hai. Taseeq k liye 0363005754 par details send krain.",1,roman_urdu,Phishing - Government Scheme Scam,zenodo_21810885
"Moaziz sarif, apka Benazir Income Support ki taraf se 75,000 PKR ka inaam nikla hai. Taseeq k liye 0319513143 par sms karin.",1,roman_urdu,Phishing - Government Scheme Scam,zenodo_21810885
Mubarak ho! Benazir Income Support main apka 10000 ka inam lga ha. Apna inam hasil krne k lie apna NayaPay pin is number par send krin.,1,roman_urdu,Phishing - Government Scheme Scam,zenodo_21810885
"Mubarak ho! Ehsaas Program main apka 75,000 ka inam lga ha. Apna inam hasil krne k lie apna State Bank pin is number par send krin.",1,roman_urdu,Phishing - Government Scheme Scam,zenodo_21810885
Apka SadaPay ka account tax jama na krwane ki waja se block ho gaya hai. Abhi pin code dain 0398309117 par warna account hamesha k liye band ho jaye ga.,1,roman_urdu,Phishing - Account Block Threat,zenodo_21810885
"Easypaisa: Aap ne successfully 50,000 PKR transfer kar diye hn. Trx ID: 91483749.",0,roman_urdu,Mobile Wallet Transfer Confirmation,zenodo_21810885
Easypaisa: Aap ne successfully 350 PKR transfer kar diye hain. Trx ID: 63428041.,0,roman_urdu,Mobile Wallet Transfer Confirmation,zenodo_21810885
"Your HBL OTP for online transaction is 63905646. Do not share this OTP with anyone, not even bank staff.",0,roman_urdu,Bank OTP Message,zenodo_21810885
Aap ka SadaPay debit card ATM par use hua hai. Amount: 5000 PKR. Agar yeh aap ne nahi kiya toh helpline par call karein.,0,roman_urdu,Bank ATM Transaction Alert,zenodo_21810885
Salary of 1 Lakh PKR has been credited to your UBL acount. Thank you.,0,roman_urdu,Salary Credit Notification,zenodo_21810885
Apka Allied Bank ka account KYC update na hone ki waja se block ho gaya hai. Abhi sms karin 0363711336 par warna account hamesha k liye band ho jaye ga.,1,roman_urdu,Phishing - Account Block Threat,zenodo_21810885
Aap k NayaPay acc se 350 PKR ki deduction hui ha tax ki madd mein.,0,roman_urdu,Bank Tax Deduction Notification,zenodo_21810885
Salary of 12500 PKR has been credited to your HBL account. Thank you.,0,roman_urdu,Salary Credit Notification,zenodo_21810885
"Dear Customer, Apke Allied Bank account me 10000 PKR deposit hue hain. Available Balance: 10000 PKR.",0,roman_urdu,Bank Deposit Notification,zenodo_21810885
Easypaisa: Aap ne successfully 10000 PKR transfer kar diye hain. Trx ID: 62211710.,0,roman_urdu,Mobile Wallet Transfer Confirmation,zenodo_21810885
Salary of 5000 PKR has been credited to your Meezan Bank acount. Thank you.,0,roman_urdu,Salary Credit Notification,zenodo_21810885
"Easypaisa: Aap ne successfully 50,000 PKR transfer kar diye hain. Trx ID: 13478298.",0,roman_urdu,Mobile Wallet Transfer Confirmation,zenodo_21810885
"Dear Customer, Apke Meezan Bank acount me 350 PKR deposit hue han. Available Balance: 350 PKR.",0,roman_urdu,Bank Deposit Notification,zenodo_21810885
"Your HBL OTP for online transaction is 26131906. Do not share this OTP with anyone, not even bank staff.",0,roman_urdu,Bank OTP Message,zenodo_21810885
"Dear Customer, apka ATM card suspend kar dia gya hai. Apni details update krne k liye is link www.hbl-update-kyc.com pr click krain.",1,roman_urdu,Phishing - ATM Card Suspend Link,zenodo_21810885
"Mubarak ho! Jeeto Pakistan main apka 50,000 ka inam lga ha. Apna inam hasil krne k lie apna Allied Bank pin is number par send krin.",1,roman_urdu,Phishing - Reward/Lottery Scam,zenodo_21810885
Apka State Bank ka account suspicious activity ki waja se block ho gaya hai. Abhi call karein 0390987702 par warna account hamesha k liye band ho jaye ga.,1,roman_urdu,Phishing - Account Block Threat,zenodo_21810885
"Your State Bank OTP for online transaction is 95014136. Do not share this OTP with anyone, not even bank staff.",0,roman_urdu,Bank OTP Message,zenodo_21810885
"Moaziz sarif, apka Ehsaas Program ki taraf se 10000 PKR ka inaam nikla hai. Taseeq k liye 0314612161 par details send krain.",1,roman_urdu,Phishing - Government Scheme Scam,zenodo_21810885
Apka SadaPay ka acount suspicious activity ki waja se block ho gaya h. Abhi call krn 0314704454 par warna acount hamesha k liye band ho jaye ga.,1,roman_urdu,Phishing - Account Block Threat,zenodo_21810885
Easypaisa: Aap ne successfully 2500 PKR transfer kar diye hain. Trx ID: 22425565.,0,roman_urdu,Mobile Wallet Transfer Confirmation,zenodo_21810885
Apka JazzCash acc hack hone ka khatra h. Apna password change krne k lie abhi is number par sms karin.,1,roman_urdu,Phishing - Account Hack Warning,zenodo_21810885
"Easypaisa: Aap ne successfully 75,000 PKR transfer kar diye hain. Trx ID: 25920968.",0,roman_urdu,Mobile Wallet Transfer Confirmation,zenodo_21810885
"Easypaisa: Aap ne successfully 75,000 PKR transfer kar diye hain. Trx ID: 16836870.",0,roman_urdu,Mobile Wallet Transfer Confirmation,zenodo_21810885
Easypaisa: Aap ne successfully 2500 PKR transfer kar diye hain. Trx ID: 51264355.,0,roman_urdu,Mobile Wallet Transfer Confirmation,zenodo_21810885
FBR ki taraf se apka NayaPay account freeze kr dia gya hai. Unblock krwane k lie abhi OTP call karein.,1,roman_urdu,Phishing - Account Freeze (FBR) Threat,zenodo_21810885
"Your Meezan Bank OTP for online transaction is 93293688. Do not share this OTP with anyone, not even bank staff.",0,roman_urdu,Bank OTP Message,zenodo_21810885
"Moaziz sarif, apka Jeeto Pakistan ki taraf se 10000 PKR ka inaam nikla hai. Taseeq k liye 0381951627 par rabta krein.",1,roman_urdu,Phishing - Reward/Lottery Scam,zenodo_21810885
"Easypaisa: Aap ne successfully 75,000 PKR transfer kar diye hain. Trx ID: 12206402.",0,roman_urdu,Mobile Wallet Transfer Confirmation,zenodo_21810885
FBR ki taraf se apka HBL account freeze kr dia gya hai. Unblock krwane k lie abhi OTP details send krain.,1,roman_urdu,Phishing - Account Freeze (FBR) Threat,zenodo_21810885
"Your State Bank OTP for online transaction is 47811795. Do not share this OTP with anyone, not even bank staff.",0,roman_urdu,Bank OTP Message,zenodo_21810885
"Dear Customer, Apke UBL account me 50,000 PKR deposit hue hain. Available Balance: 50,000 PKR.",0,roman_urdu,Bank Deposit Notification,zenodo_21810885
Apka HBL ka acount KYC update na hone ki waja se block ho gaya ha. Abhi sms karin 0352969378 par warna acount hamesha k liye band ho jaye ga.,1,roman_urdu,Phishing - Account Block Threat,zenodo_21810885
Easypaisa: Aap ne successfully 350 PKR transfer kar diye hain. Trx ID: 76440393.,0,roman_urdu,Mobile Wallet Transfer Confirmation,zenodo_21810885
Apka MCB ka account suspicious activity ki waja se block ho gaya hai. Abhi sms karin 0327380584 par warna account hamesha k liye band ho jaye ga.,1,roman_urdu,Phishing - Account Block Threat,zenodo_21810885
Easypaisa: Aap ne successfully 350 PKR transfer kar diye hain. Trx ID: 86153183.,0,roman_urdu,Mobile Wallet Transfer Confirmation,zenodo_21810885
"Dear Customer, Apke MCB account me 350 PKR deposit hue hain. Available Balance: 350 PKR.",0,roman_urdu,Bank Deposit Notification,zenodo_21810885
"Dear Customer, Apke UBL account me 10000 PKR deposit hue hain. Available Balance: 10000 PKR.",0,roman_urdu,Bank Deposit Notification,zenodo_21810885
"Mubarak ho! BISP main apka 75,000 ka inam lga ha. Apna inam hasil krne k lie apna Easypaisa pin is number par send krin.",1,roman_urdu,Phishing - Reward/Lottery Scam,zenodo_21810885
"Your SadaPay OTP for online transaction is 70936440. Do not share this OTP with anyone, not even bank staff.",0,roman_urdu,Bank OTP Message,zenodo_21810885
"Your JazzCash OTP for online transaction is 20572907. Do not share this OTP with anyone, not even bank staff.",0,roman_urdu,Bank OTP Message,zenodo_21810885
"Moaziz sarif, apka Inaam Ghar ki taraf se 5000 PKR ka inaam nikla hai. Taseeq k liye 0368222657 par details send krain.",1,roman_urdu,Phishing - Reward/Lottery Scam,zenodo_21810885
"Dear Consumer, apka is mahine ka K-Electric ka bill 50,000 PKR hai. Due date guzarne se pehle ada karein.",0,roman_urdu,Utility Bill Payment Reminder,zenodo_21810885
"Dear Customer, Apke State Bank acc me 12500 PKR deposit hue hn. Available Balance: 12500 PKR.",0,roman_urdu,Bank Deposit Notification,zenodo_21810885
Aap ka MCB debit card ATM par use hua h. Amount: 350 PKR. Agar yeh aap ne nahi kiya toh helpline par call karin.,0,roman_urdu,Bank ATM Transaction Alert,zenodo_21810885
Apka JazzCash acc hack hone ka khatra h. Apna password change krne k lie abhi is number par OTP bataen.,1,roman_urdu,Phishing - Account Hack Warning,zenodo_21810885
"Moaziz sarif, apka BISP ki taraf se 5000 PKR ka inaam nikla hai. Taseeq k liye 0321714544 par call karein.",1,roman_urdu,Phishing - Reward/Lottery Scam,zenodo_21810885
Easypaisa: Aap ne successfully 10000 PKR transfer kar diye han. Trx ID: 18726919.,0,roman_urdu,Mobile Wallet Transfer Confirmation,zenodo_21810885
"Moaziz sarif, apka Inaam Ghar ki taraf se 5000 PKR ka inaam nikla hai. Taseeq k liye 0359026104 par rabta krein.",1,roman_urdu,Phishing - Reward/Lottery Scam,zenodo_21810885
Apka HBL ka account suspicious activity ki waja se block ho gaya hai. Abhi sms karin 0370358554 par warna account hamesha k liye band ho jaye ga.,1,roman_urdu,Phishing - Account Block Threat,zenodo_21810885
Mubarak ho! Jeeto Pakistan main apka 5000 ka inam lga ha. Apna inam hasil krne k lie apna Easypaisa pin is number par send krin.,1,roman_urdu,Phishing - Reward/Lottery Scam,zenodo_21810885
"Your HBL OTP for online transaction is 87241214. Do not share this OTP with anyone, not even bank staff.",0,roman_urdu,Bank OTP Message,zenodo_21810885
"Moaziz sarif, apka Jeeto Pakistan ki taraf se 350 PKR ka inaam nikla hai. Taseeq k liye 0320946626 par sms karin.",1,roman_urdu,Phishing - Reward/Lottery Scam,zenodo_21810885
Apka Easypaisa ka acc verification na hone ki waja se block ho gaya ha. Abhi pin code dain 0321297952 par warna acc hamesha k liye band ho jaye ga.,1,roman_urdu,Phishing - Account Block Threat,zenodo_21810885
Apka NayaPay ka account system error ki waja se block ho gaya hai. Abhi pin code dain 0360730905 par warna account hamesha k liye band ho jaye ga.,1,roman_urdu,Phishing - Account Block Threat,zenodo_21810885
"Bhai apke number par ghalti se mere 12500 rs aa gaye hain easypaisa me, please wapis bhej dain shukar guzar hunga.",1,roman_urdu,Phishing - Wrong Number Refund Scam,zenodo_21810885
"Your Meezan Bank OTP for online transaction is 69372257. Do not share this OTP with anyone, not even bank staff.",0,roman_urdu,Bank OTP Message,zenodo_21810885
"Dear Customer, Apke JazzCash account me 5000 PKR deposit hue hain. Available Balance: 5000 PKR.",0,roman_urdu,Bank Deposit Notification,zenodo_21810885
Easypaisa: Aap ne successfully 10000 PKR transfer kar diye hain. Trx ID: 42803410.,0,roman_urdu,Mobile Wallet Transfer Confirmation,zenodo_21810885
"Mubarak ho! Benazir Income Support main apka 50,000 ka inam lga ha. Apna inam hasil krne k lie apna Easypaisa pin is number par send krin.",1,roman_urdu,Phishing - Government Scheme Scam,zenodo_21810885
Easypaisa: Aap ne successfully 350 PKR transfer kar diye han. Trx ID: 19934957.,0,roman_urdu,Mobile Wallet Transfer Confirmation,zenodo_21810885
Apka SadaPay account hack hone ka khatra hai. Apna password change krne k lie abhi is number par call karein.,1,roman_urdu,Phishing - Account Hack Warning,zenodo_21810885
"Dear Customer, Apke SadaPay acount me 12500 PKR deposit hue han. Available Balance: 12500 PKR.",0,roman_urdu,Bank Deposit Notification,zenodo_21810885
Salary of 2500 PKR has been credited to your NayaPay account. Thank you.,0,roman_urdu,Salary Credit Notification,zenodo_21810885
"Dear Customer, Apke Easypaisa account me 350 PKR deposit hue hain. Available Balance: 350 PKR.",0,roman_urdu,Bank Deposit Notification,zenodo_21810885
"Your Meezan Bank OTP for online transaction is 71813729. Do not share this OTP with anyone, not even bank staff.",0,roman_urdu,Bank OTP Message,zenodo_21810885
Mubarak ho! Inaam Ghar main apka 12500 ka inam lga ha. Apna inam hasil krne k lie apna State Bank pin is number par send krin.,1,roman_urdu,Phishing - Reward/Lottery Scam,zenodo_21810885
Apka Allied Bank ka account system error ki waja se block ho gaya hai. Abhi rabta krein 0368856799 par warna account hamesha k liye band ho jaye ga.,1,roman_urdu,Phishing - Account Block Threat,zenodo_21810885
"Bha apke number par ghalti se mere 12500 rs aa gaye han easypaisa me, please wapis bhej dain shukar guzar hunga.",1,roman_urdu,Phishing - Wrong Number Refund Scam,zenodo_21810885
Salary of 2500 PKR has been credited to your State Bank account. Thank you.,0,roman_urdu,Salary Credit Notification,zenodo_21810885
"Dear Customer, Apke NayaPay acount me 10000 PKR deposit hue han. Available Balance: 10000 PKR.",0,roman_urdu,Bank Deposit Notification,zenodo_21810885
Mubarak ho! Jeeto Pakistan main apka 350 ka inam lga ha. Apna inam hasil krne k lie apna UBL pin is number par send krin.,1,roman_urdu,Phishing - Reward/Lottery Scam,zenodo_21810885
"Mubarak ho! Inaam Ghar main apka 75,000 ka inam lga ha. Apna inam hasil krne k lie apna Allied Bank pin is number par send krin.",1,roman_urdu,Phishing - Reward/Lottery Scam,zenodo_21810885
"Moaziz sarif, apka Ehsaas Program ki taraf se 5000 PKR ka inaam nikla hai. Taseeq k liye 0383368602 par details send krain.",1,roman_urdu,Phishing - Government Scheme Scam,zenodo_21810885
"Your JazzCash OTP for online transaction is 39830294. Do not share this OTP with anyone, not even bank staff.",0,roman_urdu,Bank OTP Message,zenodo_21810885
"Dear Customer, Apke HBL acc me 10000 PKR deposit hue hn. Available Balance: 10000 PKR.",0,roman_urdu,Bank Deposit Notification,zenodo_21810885
Apka State Bank acount hack hone ka khatra h. Apna password change krne k lie abhi is number par sms karin.,1,roman_urdu,Phishing - Account Hack Warning,zenodo_21810885
"Your JazzCash OTP for online transaction is 51572063. Do not share this OTP with anyone, not even bank staff.",0,roman_urdu,Bank OTP Message,zenodo_21810885
"Your Meezan Bank OTP for online transaction is 14410100. Do not share this OTP with anyone, not even bank staff.",0,roman_urdu,Bank OTP Message,zenodo_21810885
Easypaisa: Aap ne successfully 5000 PKR transfer kar diye hn. Trx ID: 99458459.,0,roman_urdu,Mobile Wallet Transfer Confirmation,zenodo_21810885
Apka Meezan Bank ka account system error ki waja se block ho gaya hai. Abhi details send krain 0332686424 par warna account hamesha k liye band ho jaye ga.,1,roman_urdu,Phishing - Account Block Threat,zenodo_21810885
Easypaisa: Aap ne successfully 350 PKR transfer kar diye hain. Trx ID: 63100724.,0,roman_urdu,Mobile Wallet Transfer Confirmation,zenodo_21810885
Salary of 1 Lakh PKR has been credited to your JazzCash account. Thank you.,0,roman_urdu,Salary Credit Notification,zenodo_21810885
"Your NayaPay OTP for online transaction is 87289845. Do not share this OTP with anyone, not even bank staff.",0,roman_urdu,Bank OTP Message,zenodo_21810885
"Your Meezan Bank OTP for online transaction is 97274472. Do not share this OTP with anyone, not even bank staff.",0,roman_urdu,Bank OTP Message,zenodo_21810885
"Moaziz sarif, apka BISP ki taraf se 50,000 PKR ka inaam nikla hai. Taseeq k liye 0331987804 par rabta krein.",1,roman_urdu,Phishing - Reward/Lottery Scam,zenodo_21810885
Apka Allied Bank ka account KYC update na hone ki waja se block ho gaya hai. Abhi details send krain 0386085264 par warna account hamesha k liye band ho jaye ga.,1,roman_urdu,Phishing - Account Block Threat,zenodo_21810885
Apka NayaPay ka account verification na hone ki waja se block ho gaya hai. Abhi call karein 0324501003 par warna account hamesha k liye band ho jaye ga.,1,roman_urdu,Phishing - Account Block Threat,zenodo_21810885
Traffic Police: Apki gari ka E-Challan generate ho gaya ha. Amount 1 Lakh PKR. Akhri tareekh se pehle PSCA app k zariye pay krn.,0,roman_urdu,Traffic Challan Notification,zenodo_21810885
"Your Meezan Bank OTP for online transaction is 90444059. Do not share this OTP with anyone, not even bank staff.",0,roman_urdu,Bank OTP Message,zenodo_21810885
Apka HBL ka account suspicious activity ki waja se block ho gaya hai. Abhi pin code dain 0370160036 par warna account hamesha k liye band ho jaye ga.,1,roman_urdu,Phishing - Account Block Threat,zenodo_21810885
Aap k JazzCash acc se 2500 PKR ki deduction hui ha tax ki madd mein.,0,roman_urdu,Bank Tax Deduction Notification,zenodo_21810885
Mubarak ho! BISP main apka 12500 ka inam lga ha. Apna inam hasil krne k lie apna Allied Bank pin is number par send krin.,1,roman_urdu,Phishing - Reward/Lottery Scam,zenodo_21810885
Salary of 10000 PKR has been credited to your Easypaisa acc. Thank you.,0,roman_urdu,Salary Credit Notification,zenodo_21810885
"Moaziz sarif, apka BISP ki taraf se 75,000 PKR ka inaam nikla hai. Taseeq k liye 0351958294 par details send krain.",1,roman_urdu,Phishing - Reward/Lottery Scam,zenodo_21810885
Apka UBL ka acc suspicious activity ki waja se block ho gaya h. Abhi OTP bataen 0382200518 par warna acc hamesha k liye band ho jaye ga.,1,roman_urdu,Phishing - Account Block Threat,zenodo_21810885
"Easypaisa: Aap ne successfully 50,000 PKR transfer kar diye hain. Trx ID: 40536069.",0,roman_urdu,Mobile Wallet Transfer Confirmation,zenodo_21810885
Aap k HBL acc se 1 Lakh PKR ki deduction hui h tax ki madd mein.,0,roman_urdu,Bank Tax Deduction Notification,zenodo_21810885
Aap k NayaPay account se 1 Lakh PKR ki deduction hui hai tax ki madd mein.,0,roman_urdu,Bank Tax Deduction Notification,zenodo_21810885
Easypaisa: Aap ne successfully 1 Lakh PKR transfer kar diye hain. Trx ID: 38651913.,0,roman_urdu,Mobile Wallet Transfer Confirmation,zenodo_21810885
"Your State Bank OTP for online transaction is 92489429. Do not share this OTP with anyone, not even bank staff.",0,roman_urdu,Bank OTP Message,zenodo_21810885
Apka State Bank ka account verification na hone ki waja se block ho gaya hai. Abhi sms karin 0368654699 par warna account hamesha k liye band ho jaye ga.,1,roman_urdu,Phishing - Account Block Threat,zenodo_21810885
Easypaisa: Aap ne successfully 2500 PKR transfer kar diye hain. Trx ID: 90680167.,0,roman_urdu,Mobile Wallet Transfer Confirmation,zenodo_21810885
Easypaisa: Aap ne successfully 2500 PKR transfer kar diye hain. Trx ID: 92724168.,0,roman_urdu,Mobile Wallet Transfer Confirmation,zenodo_21810885
Apka JazzCash ka acount verification na hone ki waja se block ho gaya ha. Abhi rabta krein 0345190307 par warna acount hamesha k liye band ho jaye ga.,1,roman_urdu,Phishing - Account Block Threat,zenodo_21810885
Easypaisa: Aap ne successfully 10000 PKR transfer kar diye hain. Trx ID: 19491364.,0,roman_urdu,Mobile Wallet Transfer Confirmation,zenodo_21810885
"Your NayaPay OTP for online transaction is 22941997. Do not share this OTP with anyone, not even bank staff.",0,roman_urdu,Bank OTP Message,zenodo_21810885
Traffic Police: Apki gari ka E-Challan generate ho gaya h. Amount 12500 PKR. Akhri tareekh se pehle PSCA app k zariye pay krn.,0,roman_urdu,Traffic Challan Notification,zenodo_21810885
"Dear Customer, Apke SadaPay acc me 1 Lakh PKR deposit hue hn. Available Balance: 1 Lakh PKR.",0,roman_urdu,Bank Deposit Notification,zenodo_21810885
"Easypaisa: Aap ne successfully 75,000 PKR transfer kar diye hain. Trx ID: 32760719.",0,roman_urdu,Mobile Wallet Transfer Confirmation,zenodo_21810885
"Aap k UBL acc se 50,000 PKR ki deduction hui ha tax ki madd mein.",0,roman_urdu,Bank Tax Deduction Notification,zenodo_21810885
FBR ki taraf se apka HBL account freeze kr dia gya hai. Unblock krwane k lie abhi OTP sms karin.,1,roman_urdu,Phishing - Account Freeze (FBR) Threat,zenodo_21810885
Apka NayaPay ka account KYC update na hone ki waja se block ho gaya hai. Abhi rabta krein 0385912107 par warna account hamesha k liye band ho jaye ga.,1,roman_urdu,Phishing - Account Block Threat,zenodo_21810885
"Aap k JazzCash account se 75,000 PKR ki deduction hui hai tax ki madd mein.",0,roman_urdu,Bank Tax Deduction Notification,zenodo_21810885
Salary of 12500 PKR has been credited to your Allied Bank acc. Thank you.,0,roman_urdu,Salary Credit Notification,zenodo_21810885
Aap ka MCB debit card ATM par use hua h. Amount: 1 Lakh PKR. Agar yeh aap ne nahi kiya toh helpline par call karin.,0,roman_urdu,Bank ATM Transaction Alert,zenodo_21810885
"Your UBL OTP for online transaction is 34522640. Do not share this OTP with anyone, not even bank staff.",0,roman_urdu,Bank OTP Message,zenodo_21810885
"Your NayaPay OTP for online transaction is 60166897. Do not share this OTP with anyone, not even bank staff.",0,roman_urdu,Bank OTP Message,zenodo_21810885
"Dear Consumer, apka is mahine ka Sui Gas ka bill 5000 PKR ha. Due date guzarne se pehle ada krn.",0,roman_urdu,Utility Bill Payment Reminder,zenodo_21810885
"Dear Consumer, apka is mahine ka WASA ka bill 2500 PKR hai. Due date guzarne se pehle ada karein.",0,roman_urdu,Utility Bill Payment Reminder,zenodo_21810885
"Moaziz sarif, apka BISP ki taraf se 12500 PKR ka inaam nikla hai. Taseeq k liye 0390404075 par sms karin.",1,roman_urdu,Phishing - Reward/Lottery Scam,zenodo_21810885
Mubarak ho! Benazir Income Support main apka 350 ka inam lga ha. Apna inam hasil krne k lie apna NayaPay pin is number par send krin.,1,roman_urdu,Phishing - Government Scheme Scam,zenodo_21810885
FBR ki taraf se apka UBL account freeze kr dia gya hai. Unblock krwane k lie abhi OTP call karein.,1,roman_urdu,Phishing - Account Freeze (FBR) Threat,zenodo_21810885
"Dear Consumer, apka is mahine ka IESCO ka bill 50,000 PKR ha. Due date guzarne se pehle ada kren.",0,roman_urdu,Utility Bill Payment Reminder,zenodo_21810885
"Moaziz sarif, apka Jeeto Pakistan ki taraf se 50,000 PKR ka inaam nikla hai. Taseeq k liye 0341818913 par details send krain.",1,roman_urdu,Phishing - Reward/Lottery Scam,zenodo_21810885
Mubarak ho! Inaam Ghar main apka 2500 ka inam lga ha. Apna inam hasil krne k lie apna UBL pin is number par send krin.,1,roman_urdu,Phishing - Reward/Lottery Scam,zenodo_21810885
Apka JazzCash ka acc verification na hone ki waja se block ho gaya ha. Abhi sms karin 0381255876 par warna acc hamesha k liye band ho jaye ga.,1,roman_urdu,Phishing - Account Block Threat,zenodo_21810885
"Aap k NayaPay acc se 50,000 PKR ki deduction hui ha tax ki madd mein.",0,roman_urdu,Bank Tax Deduction Notification,zenodo_21810885
Apka State Bank ka account tax jama na krwane ki waja se block ho gaya hai. Abhi pin code dain 0329062809 par warna account hamesha k liye band ho jaye ga.,1,roman_urdu,Phishing - Account Block Threat,zenodo_21810885
Apka NayaPay ka account tax jama na krwane ki waja se block ho gaya hai. Abhi call karein 0312966973 par warna account hamesha k liye band ho jaye ga.,1,roman_urdu,Phishing - Account Block Threat,zenodo_21810885
Apka Meezan Bank ka account tax jama na krwane ki waja se block ho gaya hai. Abhi details send krain 0333429418 par warna account hamesha k liye band ho jaye ga.,1,roman_urdu,Phishing - Account Block Threat,zenodo_21810885
Easypaisa: Aap ne successfully 10000 PKR transfer kar diye han. Trx ID: 82020569.,0,roman_urdu,Mobile Wallet Transfer Confirmation,zenodo_21810885
Mubarak ho! Jeeto Pakistan main apka 2500 ka inam lga ha. Apna inam hasil krne k lie apna State Bank pin is number par send krin.,1,roman_urdu,Phishing - Reward/Lottery Scam,zenodo_21810885
FBR ki taraf se apka Meezan Bank account freeze kr dia gya hai. Unblock krwane k lie abhi OTP OTP bataen.,1,roman_urdu,Phishing - Account Freeze (FBR) Threat,zenodo_21810885
Easypaisa: Aap ne successfully 2500 PKR transfer kar diye hain. Trx ID: 72922819.,0,roman_urdu,Mobile Wallet Transfer Confirmation,zenodo_21810885
"Dear Consumer, apka is mahine ka WASA ka bill 2500 PKR ha. Due date guzarne se pehle ada krn.",0,roman_urdu,Utility Bill Payment Reminder,zenodo_21810885
Easypaisa: Aap ne successfully 5000 PKR transfer kar diye hain. Trx ID: 69342829.,0,roman_urdu,Mobile Wallet Transfer Confirmation,zenodo_21810885
FBR ki taraf se apka Allied Bank acc freeze kr dia gya h. Unblock krwane k lie abhi OTP rabta krein.,1,roman_urdu,Phishing - Account Freeze (FBR) Threat,zenodo_21810885
"Your State Bank OTP for online transaction is 80952666. Do not share this OTP with anyone, not even bank staff.",0,roman_urdu,Bank OTP Message,zenodo_21810885
Apka State Bank account hack hone ka khatra hai. Apna password change krne k lie abhi is number par sms karin.,1,roman_urdu,Phishing - Account Hack Warning,zenodo_21810885
Salary of 10000 PKR has been credited to your Meezan Bank account. Thank you.,0,roman_urdu,Salary Credit Notification,zenodo_21810885
Mubarak ho! Ehsaas Program main apka 2500 ka inam lga ha. Apna inam hasil krne k lie apna State Bank pin is number par send krin.,1,roman_urdu,Phishing - Government Scheme Scam,zenodo_21810885
Easypaisa: Aap ne successfully 350 PKR transfer kar diye hain. Trx ID: 16973071.,0,roman_urdu,Mobile Wallet Transfer Confirmation,zenodo_21810885
"Your Easypaisa OTP for online transaction is 43388253. Do not share this OTP with anyone, not even bank staff.",0,roman_urdu,Bank OTP Message,zenodo_21810885
FBR ki taraf se apka Meezan Bank account freeze kr dia gya hai. Unblock krwane k lie abhi OTP sms karin.,1,roman_urdu,Phishing - Account Freeze (FBR) Threat,zenodo_21810885
"Dear Consumer, apka is mahine ka LESCO ka bill 75,000 PKR ha. Due date guzarne se pehle ada krn.",0,roman_urdu,Utility Bill Payment Reminder,zenodo_21810885
Mubarak ho! Benazir Income Support main apka 350 ka inam lga ha. Apna inam hasil krne k lie apna JazzCash pin is number par send krin.,1,roman_urdu,Phishing - Government Scheme Scam,zenodo_21810885
"Your UBL OTP for online transaction is 35198480. Do not share this OTP with anyone, not even bank staff.",0,roman_urdu,Bank OTP Message,zenodo_21810885
Easypaisa: Aap ne successfully 1 Lakh PKR transfer kar diye hain. Trx ID: 89621647.,0,roman_urdu,Mobile Wallet Transfer Confirmation,zenodo_21810885
"Your Easypaisa OTP for online transaction is 53478314. Do not share this OTP with anyone, not even bank staff.",0,roman_urdu,Bank OTP Message,zenodo_21810885
"Your State Bank OTP for online transaction is 71000863. Do not share this OTP with anyone, not even bank staff.",0,roman_urdu,Bank OTP Message,zenodo_21810885
Aap ka HBL debit card ATM par use hua hai. Amount: 12500 PKR. Agar yeh aap ne nahi kiya toh helpline par call karein.,0,roman_urdu,Bank ATM Transaction Alert,zenodo_21810885
"Dear Customer, apka ATM card suspend kar dia gya ha. Apni details update krne k liye is link www.hbl-update-kyc.com pr click krain.",1,roman_urdu,Phishing - ATM Card Suspend Link,zenodo_21810885
"Mubarak ho! Inaam Ghar main apka 50,000 ka inam lga ha. Apna inam hasil krne k lie apna Allied Bank pin is number par send krin.",1,roman_urdu,Phishing - Reward/Lottery Scam,zenodo_21810885
"Moaziz sarif, apka Ehsaas Program ki taraf se 12500 PKR ka inaam nikla ha. Taseeq k liye 0320978909 par pin code dain.",1,roman_urdu,Phishing - Government Scheme Scam,zenodo_21810885
FBR ki taraf se apka JazzCash acc freeze kr dia gya h. Unblock krwane k lie abhi OTP pin code dain.,1,roman_urdu,Phishing - Account Freeze (FBR) Threat,zenodo_21810885
Aap ka Meezan Bank debit card ATM par use hua hai. Amount: 2500 PKR. Agar yeh aap ne nahi kiya toh helpline par call karein.,0,roman_urdu,Bank ATM Transaction Alert,zenodo_21810885
Easypaisa: Aap ne successfully 12500 PKR transfer kar diye hain. Trx ID: 97659383.,0,roman_urdu,Mobile Wallet Transfer Confirmation,zenodo_21810885
"Dear Customer, Apke UBL acount me 12500 PKR deposit hue han. Available Balance: 12500 PKR.",0,roman_urdu,Bank Deposit Notification,zenodo_21810885
"Easypaisa: Aap ne successfully 75,000 PKR transfer kar diye han. Trx ID: 65814990.",0,roman_urdu,Mobile Wallet Transfer Confirmation,zenodo_21810885
Traffic Police: Apki gari ka E-Challan generate ho gaya hai. Amount 12500 PKR. Akhri tareekh se pehle PSCA app k zariye pay karein.,0,roman_urdu,Traffic Challan Notification,zenodo_21810885
"Your MCB OTP for online transaction is 30971242. Do not share this OTP with anyone, not even bank staff.",0,roman_urdu,Bank OTP Message,zenodo_21810885
Easypaisa: Aap ne successfully 1 Lakh PKR transfer kar diye hain. Trx ID: 20563909.,0,roman_urdu,Mobile Wallet Transfer Confirmation,zenodo_21810885
Salary of 5000 PKR has been credited to your Allied Bank account. Thank you.,0,roman_urdu,Salary Credit Notification,zenodo_21810885
FBR ki taraf se apka HBL account freeze kr dia gya hai. Unblock krwane k lie abhi OTP rabta krein.,1,roman_urdu,Phishing - Account Freeze (FBR) Threat,zenodo_21810885
"Dear Customer, Apke State Bank acount me 5000 PKR deposit hue han. Available Balance: 5000 PKR.",0,roman_urdu,Bank Deposit Notification,zenodo_21810885
FBR ki taraf se apka Easypaisa account freeze kr dia gya hai. Unblock krwane k lie abhi OTP rabta krein.,1,roman_urdu,Phishing - Account Freeze (FBR) Threat,zenodo_21810885
"Mubarak ho! BISP main apka 50,000 ka inam lga ha. Apna inam hasil krne k lie apna NayaPay pin is number par send krin.",1,roman_urdu,Phishing - Reward/Lottery Scam,zenodo_21810885
"Traffic Police: Apki gari ka E-Challan generate ho gaya ha. Amount 75,000 PKR. Akhri tareekh se pehle PSCA app k zariye pay kren.",0,roman_urdu,Traffic Challan Notification,zenodo_21810885
Easypaisa: Aap ne successfully 12500 PKR transfer kar diye han. Trx ID: 11954111.,0,roman_urdu,Mobile Wallet Transfer Confirmation,zenodo_21810885
Mubarak ho! Inaam Ghar main apka 1 Lakh ka inam lga ha. Apna inam hasil krne k lie apna SadaPay pin is number par send krin.,1,roman_urdu,Phishing - Reward/Lottery Scam,zenodo_21810885
Apka Allied Bank acc hack hone ka khatra h. Apna password change krne k lie abhi is number par details send krain.,1,roman_urdu,Phishing - Account Hack Warning,zenodo_21810885
"Moaziz sarif, apka Jeeto Pakistan ki taraf se 10000 PKR ka inaam nikla hai. Taseeq k liye 0368743055 par details send krain.",1,roman_urdu,Phishing - Reward/Lottery Scam,zenodo_21810885
"Mubarak ho! BISP main apka 50,000 ka inam lga ha. Apna inam hasil krne k lie apna UBL pin is number par send krin.",1,roman_urdu,Phishing - Reward/Lottery Scam,zenodo_21810885
"Your JazzCash OTP for online transaction is 71732855. Do not share this OTP with anyone, not even bank staff.",0,roman_urdu,Bank OTP Message,zenodo_21810885
Easypaisa: Aap ne successfully 12500 PKR transfer kar diye hain. Trx ID: 57029082.,0,roman_urdu,Mobile Wallet Transfer Confirmation,zenodo_21810885
Traffic Police: Apki gari ka E-Challan generate ho gaya h. Amount 2500 PKR. Akhri tareekh se pehle PSCA app k zariye pay kren.,0,roman_urdu,Traffic Challan Notification,zenodo_21810885
Easypaisa: Aap ne successfully 1 Lakh PKR transfer kar diye hain. Trx ID: 83575737.,0,roman_urdu,Mobile Wallet Transfer Confirmation,zenodo_21810885
"Dear Customer, Apke Meezan Bank acount me 5000 PKR deposit hue han. Available Balance: 5000 PKR.",0,roman_urdu,Bank Deposit Notification,zenodo_21810885
FBR ki taraf se apka Allied Bank account freeze kr dia gya hai. Unblock krwane k lie abhi OTP rabta krein.,1,roman_urdu,Phishing - Account Freeze (FBR) Threat,zenodo_21810885
"Aap k UBL account se 50,000 PKR ki deduction hui hai tax ki madd mein.",0,roman_urdu,Bank Tax Deduction Notification,zenodo_21810885
Aap ka SadaPay debit card ATM par use hua h. Amount: 1 Lakh PKR. Agar yeh aap ne nahi kiya toh helpline par call kren.,0,roman_urdu,Bank ATM Transaction Alert,zenodo_21810885
Easypaisa: Aap ne successfully 350 PKR transfer kar diye hain. Trx ID: 97546499.,0,roman_urdu,Mobile Wallet Transfer Confirmation,zenodo_21810885
Apka NayaPay ka account KYC update na hone ki waja se block ho gaya hai. Abhi OTP bataen 0357607213 par warna account hamesha k liye band ho jaye ga.,1,roman_urdu,Phishing - Account Block Threat,zenodo_21810885
"Moaziz sarif, apka Inaam Ghar ki taraf se 350 PKR ka inaam nikla hai. Taseeq k liye 0335786873 par rabta krein.",1,roman_urdu,Phishing - Reward/Lottery Scam,zenodo_21810885
Aap k NayaPay acc se 2500 PKR ki deduction hui ha tax ki madd mein.,0,roman_urdu,Bank Tax Deduction Notification,zenodo_21810885
"Moaziz sarif, apka BISP ki taraf se 12500 PKR ka inaam nikla hai. Taseeq k liye 0340444149 par details send krain.",1,roman_urdu,Phishing - Reward/Lottery Scam,zenodo_21810885
Aap k Easypaisa account se 12500 PKR ki deduction hui hai tax ki madd mein.,0,roman_urdu,Bank Tax Deduction Notification,zenodo_21810885
"Easypaisa: Aap ne successfully 50,000 PKR transfer kar diye hain. Trx ID: 75479413.",0,roman_urdu,Mobile Wallet Transfer Confirmation,zenodo_21810885
Mubarak ho! Jeeto Pakistan main apka 10000 ka inam lga ha. Apna inam hasil krne k lie apna Easypaisa pin is number par send krin.,1,roman_urdu,Phishing - Reward/Lottery Scam,zenodo_21810885
FBR ki taraf se apka Easypaisa account freeze kr dia gya hai. Unblock krwane k lie abhi OTP pin code dain.,1,roman_urdu,Phishing - Account Freeze (FBR) Threat,zenodo_21810885
"Easypaisa: Aap ne successfully 50,000 PKR transfer kar diye hain. Trx ID: 16744748.",0,roman_urdu,Mobile Wallet Transfer Confirmation,zenodo_21810885
Easypaisa: Aap ne successfully 12500 PKR transfer kar diye hain. Trx ID: 56723233.,0,roman_urdu,Mobile Wallet Transfer Confirmation,zenodo_21810885
"Dear Consumer, apka is mahine ka PTCL ka bill 10000 PKR hai. Due date guzarne se pehle ada karein.",0,roman_urdu,Utility Bill Payment Reminder,zenodo_21810885
FBR ki taraf se apka UBL account freeze kr dia gya hai. Unblock krwane k lie abhi OTP rabta krein.,1,roman_urdu,Phishing - Account Freeze (FBR) Threat,zenodo_21810885
Aap ka Easypaisa debit card ATM par use hua hai. Amount: 350 PKR. Agar yeh aap ne nahi kiya toh helpline par call karein.,0,roman_urdu,Bank ATM Transaction Alert,zenodo_21810885
"Dear Consumer, apka is mahine ka LESCO ka bill 10000 PKR ha. Due date guzarne se pehle ada krn.",0,roman_urdu,Utility Bill Payment Reminder,zenodo_21810885
Mubarak ho! Inaam Ghar main apka 1 Lakh ka inam lga ha. Apna inam hasil krne k lie apna JazzCash pin is number par send krin.,1,roman_urdu,Phishing - Reward/Lottery Scam,zenodo_21810885
"Your MCB OTP for online transaction is 40263565. Do not share this OTP with anyone, not even bank staff.",0,roman_urdu,Bank OTP Message,zenodo_21810885
"Your MCB OTP for online transaction is 44793714. Do not share this OTP with anyone, not even bank staff.",0,roman_urdu,Bank OTP Message,zenodo_21810885
"Aap k Meezan Bank account se 75,000 PKR ki deduction hui hai tax ki madd mein.",0,roman_urdu,Bank Tax Deduction Notification,zenodo_21810885
Easypaisa: Aap ne successfully 2500 PKR transfer kar diye hain. Trx ID: 91582688.,0,roman_urdu,Mobile Wallet Transfer Confirmation,zenodo_21810885
Aap ka State Bank debit card ATM par use hua hai. Amount: 350 PKR. Agar yeh aap ne nahi kiya toh helpline par call karein.,0,roman_urdu,Bank ATM Transaction Alert,zenodo_21810885
"Moaziz sarif, apka BISP ki taraf se 2500 PKR ka inaam nikla hai. Taseeq k liye 0366511511 par sms karin.",1,roman_urdu,Phishing - Reward/Lottery Scam,zenodo_21810885
"Dear Customer, Apke Meezan Bank account me 12500 PKR deposit hue hain. Available Balance: 12500 PKR.",0,roman_urdu,Bank Deposit Notification,zenodo_21810885
"Bhai apke number par ghalti se mere 75,000 rs aa gaye hain easypaisa me, please wapis bhej dain shukar guzar hunga.",1,roman_urdu,Phishing - Wrong Number Refund Scam,zenodo_21810885
"Dear Customer, Apke JazzCash acc me 10000 PKR deposit hue han. Available Balance: 10000 PKR.",0,roman_urdu,Bank Deposit Notification,zenodo_21810885
"Dear Customer, Apke MCB account me 10000 PKR deposit hue hain. Available Balance: 10000 PKR.",0,roman_urdu,Bank Deposit Notification,zenodo_21810885
"Aap ka NayaPay debit card ATM par use hua hai. Amount: 50,000 PKR. Agar yeh aap ne nahi kiya toh helpline par call karein.",0,roman_urdu,Bank ATM Transaction Alert,zenodo_21810885
"Your NayaPay OTP for online transaction is 63665500. Do not share this OTP with anyone, not even bank staff.",0,roman_urdu,Bank OTP Message,zenodo_21810885
Easypaisa: Aap ne successfully 1 Lakh PKR transfer kar diye hain. Trx ID: 73039491.,0,roman_urdu,Mobile Wallet Transfer Confirmation,zenodo_21810885
"Moaziz sarif, apka Inaam Ghar ki taraf se 10000 PKR ka inaam nikla hai. Taseeq k liye 0314355085 par sms karin.",1,roman_urdu,Phishing - Reward/Lottery Scam,zenodo_21810885
"Mubarak ho! Inaam Ghar main apka 75,000 ka inam lga ha. Apna inam hasil krne k lie apna JazzCash pin is number par send krin.",1,roman_urdu,Phishing - Reward/Lottery Scam,zenodo_21810885
Easypaisa: Aap ne successfully 5000 PKR transfer kar diye hain. Trx ID: 68124786.,0,roman_urdu,Mobile Wallet Transfer Confirmation,zenodo_21810885
Apka Easypaisa ka account verification na hone ki waja se block ho gaya hai. Abhi details send krain 0349217195 par warna account hamesha k liye band ho jaye ga.,1,roman_urdu,Phishing - Account Block Threat,zenodo_21810885
"Your Allied Bank OTP for online transaction is 48663995. Do not share this OTP with anyone, not even bank staff.",0,roman_urdu,Bank OTP Message,zenodo_21810885
Mubarak ho! Jeeto Pakistan main apka 10000 ka inam lga ha. Apna inam hasil krne k lie apna NayaPay pin is number par send krin.,1,roman_urdu,Phishing - Reward/Lottery Scam,zenodo_21810885
Apka State Bank ka account tax jama na krwane ki waja se block ho gaya hai. Abhi call karein 0338090309 par warna account hamesha k liye band ho jaye ga.,1,roman_urdu,Phishing - Account Block Threat,zenodo_21810885
Easypaisa: Aap ne successfully 350 PKR transfer kar diye hain. Trx ID: 62067738.,0,roman_urdu,Mobile Wallet Transfer Confirmation,zenodo_21810885
Aap ka Allied Bank debit card ATM par use hua ha. Amount: 2500 PKR. Agar yeh aap ne nahi kiya toh helpline par call karin.,0,roman_urdu,Bank ATM Transaction Alert,zenodo_21810885
Aap ka HBL debit card ATM par use hua hai. Amount: 10000 PKR. Agar yeh aap ne nahi kiya toh helpline par call karein.,0,roman_urdu,Bank ATM Transaction Alert,zenodo_21810885
Apka Allied Bank ka account suspicious activity ki waja se block ho gaya hai. Abhi OTP bataen 0326241620 par warna account hamesha k liye band ho jaye ga.,1,roman_urdu,Phishing - Account Block Threat,zenodo_21810885
Aap k HBL acount se 12500 PKR ki deduction hui h tax ki madd mein.,0,roman_urdu,Bank Tax Deduction Notification,zenodo_21810885
Salary of 2500 PKR has been credited to your JazzCash acc. Thank you.,0,roman_urdu,Salary Credit Notification,zenodo_21810885
Mubarak ho! Benazir Income Support main apka 5000 ka inam lga ha. Apna inam hasil krne k lie apna SadaPay pin is number par send krin.,1,roman_urdu,Phishing - Government Scheme Scam,zenodo_21810885
"Moaziz sarif, apka Benazir Income Support ki taraf se 2500 PKR ka inaam nikla hai. Taseeq k liye 0352041565 par pin code dain.",1,roman_urdu,Phishing - Government Scheme Scam,zenodo_21810885
"Dear Customer, Apke HBL account me 75,000 PKR deposit hue hain. Available Balance: 75,000 PKR.",0,roman_urdu,Bank Deposit Notification,zenodo_21810885
Easypaisa: Aap ne successfully 12500 PKR transfer kar diye hain. Trx ID: 49602591.,0,roman_urdu,Mobile Wallet Transfer Confirmation,zenodo_21810885
Mubarak ho! Jeeto Pakistan main apka 1 Lakh ka inam lga ha. Apna inam hasil krne k lie apna HBL pin is number par send krin.,1,roman_urdu,Phishing - Reward/Lottery Scam,zenodo_21810885
Apka UBL acount hack hone ka khatra h. Apna password change krne k lie abhi is number par call karin.,1,roman_urdu,Phishing - Account Hack Warning,zenodo_21810885
Aap ka Allied Bank debit card ATM par use hua hai. Amount: 2500 PKR. Agar yeh aap ne nahi kiya toh helpline par call karein.,0,roman_urdu,Bank ATM Transaction Alert,zenodo_21810885
Mubarak ho! Benazir Income Support main apka 1 Lakh ka inam lga ha. Apna inam hasil krne k lie apna Meezan Bank pin is number par send krin.,1,roman_urdu,Phishing - Government Scheme Scam,zenodo_21810885
Aap ka SadaPay debit card ATM par use hua ha. Amount: 5000 PKR. Agar yeh aap ne nahi kiya toh helpline par call karin.,0,roman_urdu,Bank ATM Transaction Alert,zenodo_21810885
"Easypaisa: Aap ne successfully 50,000 PKR transfer kar diye han. Trx ID: 17427276.",0,roman_urdu,Mobile Wallet Transfer Confirmation,zenodo_21810885
Apka UBL ka account KYC update na hone ki waja se block ho gaya hai. Abhi details send krain 0348633963 par warna account hamesha k liye band ho jaye ga.,1,roman_urdu,Phishing - Account Block Threat,zenodo_21810885
Easypaisa: Aap ne successfully 5000 PKR transfer kar diye hn. Trx ID: 13128933.,0,roman_urdu,Mobile Wallet Transfer Confirmation,zenodo_21810885
Easypaisa: Aap ne successfully 1 Lakh PKR transfer kar diye hain. Trx ID: 14313170.,0,roman_urdu,Mobile Wallet Transfer Confirmation,zenodo_21810885
"Your MCB OTP for online transaction is 52930136. Do not share this OTP with anyone, not even bank staff.",0,roman_urdu,Bank OTP Message,zenodo_21810885
Easypaisa: Aap ne successfully 5000 PKR transfer kar diye hain. Trx ID: 38242705.,0,roman_urdu,Mobile Wallet Transfer Confirmation,zenodo_21810885
Apka Easypaisa ka account verification na hone ki waja se block ho gaya hai. Abhi rabta krein 0352133456 par warna account hamesha k liye band ho jaye ga.,1,roman_urdu,Phishing - Account Block Threat,zenodo_21810885
Salary of 1 Lakh PKR has been credited to your NayaPay account. Thank you.,0,roman_urdu,Salary Credit Notification,zenodo_21810885
"Easypaisa: Aap ne successfully 75,000 PKR transfer kar diye hain. Trx ID: 71505775.",0,roman_urdu,Mobile Wallet Transfer Confirmation,zenodo_21810885
"Your HBL OTP for online transaction is 72524468. Do not share this OTP with anyone, not even bank staff.",0,roman_urdu,Bank OTP Message,zenodo_21810885
"Your JazzCash OTP for online transaction is 71277611. Do not share this OTP with anyone, not even bank staff.",0,roman_urdu,Bank OTP Message,zenodo_21810885
Mubarak ho! BISP main apka 1 Lakh ka inam lga ha. Apna inam hasil krne k lie apna Meezan Bank pin is number par send krin.,1,roman_urdu,Phishing - Reward/Lottery Scam,zenodo_21810885
"Moaziz sarif, apka Ehsaas Program ki taraf se 75,000 PKR ka inaam nikla ha. Taseeq k liye 0339776122 par call krn.",1,roman_urdu,Phishing - Government Scheme Scam,zenodo_21810885
Apka Allied Bank ka account system error ki waja se block ho gaya hai. Abhi sms karin 0387220430 par warna account hamesha k liye band ho jaye ga.,1,roman_urdu,Phishing - Account Block Threat,zenodo_21810885
Apka MCB account hack hone ka khatra hai. Apna password change krne k lie abhi is number par details send krain.,1,roman_urdu,Phishing - Account Hack Warning,zenodo_21810885
Apka Allied Bank ka account verification na hone ki waja se block ho gaya hai. Abhi rabta krein 0367724757 par warna account hamesha k liye band ho jaye ga.,1,roman_urdu,Phishing - Account Block Threat,zenodo_21810885
Aap ka State Bank debit card ATM par use hua h. Amount: 5000 PKR. Agar yeh aap ne nahi kiya toh helpline par call karin.,0,roman_urdu,Bank ATM Transaction Alert,zenodo_21810885
"Moaziz sarif, apka Jeeto Pakistan ki taraf se 2500 PKR ka inaam nikla hai. Taseeq k liye 0334483423 par sms karin.",1,roman_urdu,Phishing - Reward/Lottery Scam,zenodo_21810885
"Dear Customer, Apke SadaPay account me 50,000 PKR deposit hue hain. Available Balance: 50,000 PKR.",0,roman_urdu,Bank Deposit Notification,zenodo_21810885
Apka Allied Bank ka account system error ki waja se block ho gaya hai. Abhi OTP bataen 0312302853 par warna account hamesha k liye band ho jaye ga.,1,roman_urdu,Phishing - Account Block Threat,zenodo_21810885
FBR ki taraf se apka SadaPay account freeze kr dia gya hai. Unblock krwane k lie abhi OTP pin code dain.,1,roman_urdu,Phishing - Account Freeze (FBR) Threat,zenodo_21810885
"Dear Customer, Apke Allied Bank account me 2500 PKR deposit hue hain. Available Balance: 2500 PKR.",0,roman_urdu,Bank Deposit Notification,zenodo_21810885
"Moaziz sarif, apka Jeeto Pakistan ki taraf se 10000 PKR ka inaam nikla hai. Taseeq k liye 0316735339 par sms karin.",1,roman_urdu,Phishing - Reward/Lottery Scam,zenodo_21810885
Easypaisa: Aap ne successfully 10000 PKR transfer kar diye hain. Trx ID: 71570421.,0,roman_urdu,Mobile Wallet Transfer Confirmation,zenodo_21810885
Easypaisa: Aap ne successfully 1 Lakh PKR transfer kar diye hain. Trx ID: 11147975.,0,roman_urdu,Mobile Wallet Transfer Confirmation,zenodo_21810885
"Mubarak ho! Benazir Income Support main apka 75,000 ka inam lga ha. Apna inam hasil krne k lie apna JazzCash pin is number par send krin.",1,roman_urdu,Phishing - Government Scheme Scam,zenodo_21810885
Easypaisa: Aap ne successfully 2500 PKR transfer kar diye hain. Trx ID: 71918905.,0,roman_urdu,Mobile Wallet Transfer Confirmation,zenodo_21810885
"Moaziz sarif, apka Jeeto Pakistan ki taraf se 350 PKR ka inaam nikla hai. Taseeq k liye 0397838423 par pin code dain.",1,roman_urdu,Phishing - Reward/Lottery Scam,zenodo_21810885
Aap k JazzCash acount se 12500 PKR ki deduction hui h tax ki madd mein.,0,roman_urdu,Bank Tax Deduction Notification,zenodo_21810885
Salary of 350 PKR has been credited to your UBL account. Thank you.,0,roman_urdu,Salary Credit Notification,zenodo_21810885
"Moaziz sarif, apka Jeeto Pakistan ki taraf se 10000 PKR ka inaam nikla ha. Taseeq k liye 0340255178 par rabta krein.",1,roman_urdu,Phishing - Reward/Lottery Scam,zenodo_21810885
"Mubarak ho! Inaam Ghar main apka 75,000 ka inam lga ha. Apna inam hasil krne k lie apna UBL pin is number par send krin.",1,roman_urdu,Phishing - Reward/Lottery Scam,zenodo_21810885
"Dear Consumer, apka is mahine ka PTCL ka bill 75,000 PKR h. Due date guzarne se pehle ada kren.",0,roman_urdu,Utility Bill Payment Reminder,zenodo_21810885
Mubarak ho! Benazir Income Support main apka 350 ka inam lga ha. Apna inam hasil krne k lie apna HBL pin is number par send krin.,1,roman_urdu,Phishing - Government Scheme Scam,zenodo_21810885
"Your Meezan Bank OTP for online transaction is 19274671. Do not share this OTP with anyone, not even bank staff.",0,roman_urdu,Bank OTP Message,zenodo_21810885
Apka Meezan Bank ka acount system error ki waja se block ho gaya h. Abhi OTP bataen 0363903534 par warna acount hamesha k liye band ho jaye ga.,1,roman_urdu,Phishing - Account Block Threat,zenodo_21810885
"Moaziz sarif, apka Benazir Income Support ki taraf se 5000 PKR ka inaam nikla hai. Taseeq k liye 0358441339 par call karein.",1,roman_urdu,Phishing - Government Scheme Scam,zenodo_21810885
"Moaziz sarif, apka Benazir Income Support ki taraf se 2500 PKR ka inaam nikla hai. Taseeq k liye 0333852516 par rabta krein.",1,roman_urdu,Phishing - Government Scheme Scam,zenodo_21810885
"Aap k MCB acc se 75,000 PKR ki deduction hui ha tax ki madd mein.",0,roman_urdu,Bank Tax Deduction Notification,zenodo_21810885
"Moaziz sarif, apka BISP ki taraf se 350 PKR ka inaam nikla hai. Taseeq k liye 0320634956 par sms karin.",1,roman_urdu,Phishing - Reward/Lottery Scam,zenodo_21810885
Apka MCB ka account tax jama na krwane ki waja se block ho gaya hai. Abhi sms karin 0319371783 par warna account hamesha k liye band ho jaye ga.,1,roman_urdu,Phishing - Account Block Threat,zenodo_21810885
Easypaisa: Aap ne successfully 2500 PKR transfer kar diye hain. Trx ID: 95341644.,0,roman_urdu,Mobile Wallet Transfer Confirmation,zenodo_21810885
Easypaisa: Aap ne successfully 1 Lakh PKR transfer kar diye han. Trx ID: 69137769.,0,roman_urdu,Mobile Wallet Transfer Confirmation,zenodo_21810885
"Your HBL OTP for online transaction is 87998851. Do not share this OTP with anyone, not even bank staff.",0,roman_urdu,Bank OTP Message,zenodo_21810885
Easypaisa: Aap ne successfully 350 PKR transfer kar diye hain. Trx ID: 34853853.,0,roman_urdu,Mobile Wallet Transfer Confirmation,zenodo_21810885
"Dear Customer, Apke SadaPay account me 75,000 PKR deposit hue hain. Available Balance: 75,000 PKR.",0,roman_urdu,Bank Deposit Notification,zenodo_21810885
Aap k HBL account se 5000 PKR ki deduction hui hai tax ki madd mein.,0,roman_urdu,Bank Tax Deduction Notification,zenodo_21810885
Easypaisa: Aap ne successfully 5000 PKR transfer kar diye han. Trx ID: 58907551.,0,roman_urdu,Mobile Wallet Transfer Confirmation,zenodo_21810885
"Dear Consumer, apka is mahine ka PTCL ka bill 5000 PKR hai. Due date guzarne se pehle ada karein.",0,roman_urdu,Utility Bill Payment Reminder,zenodo_21810885
Aap k MCB acc se 350 PKR ki deduction hui h tax ki madd mein.,0,roman_urdu,Bank Tax Deduction Notification,zenodo_21810885
Apka Allied Bank ka account system error ki waja se block ho gaya hai. Abhi sms karin 0332643978 par warna account hamesha k liye band ho jaye ga.,1,roman_urdu,Phishing - Account Block Threat,zenodo_21810885
"Your JazzCash OTP for online transaction is 30187726. Do not share this OTP with anyone, not even bank staff.",0,roman_urdu,Bank OTP Message,zenodo_21810885
Aap ka State Bank debit card ATM par use hua ha. Amount: 1 Lakh PKR. Agar yeh aap ne nahi kiya toh helpline par call krn.,0,roman_urdu,Bank ATM Transaction Alert,zenodo_21810885
"Dear Customer, Apke NayaPay account me 10000 PKR deposit hue hain. Available Balance: 10000 PKR.",0,roman_urdu,Bank Deposit Notification,zenodo_21810885
"Dear Customer, Apke NayaPay acount me 12500 PKR deposit hue hn. Available Balance: 12500 PKR.",0,roman_urdu,Bank Deposit Notification,zenodo_21810885
"Dear Customer, Apke Easypaisa account me 2500 PKR deposit hue hain. Available Balance: 2500 PKR.",0,roman_urdu,Bank Deposit Notification,zenodo_21810885
Easypaisa: Aap ne successfully 2500 PKR transfer kar diye hn. Trx ID: 94025826.,0,roman_urdu,Mobile Wallet Transfer Confirmation,zenodo_21810885
"Your NayaPay OTP for online transaction is 70450110. Do not share this OTP with anyone, not even bank staff.",0,roman_urdu,Bank OTP Message,zenodo_21810885
"Your HBL OTP for online transaction is 95228664. Do not share this OTP with anyone, not even bank staff.",0,roman_urdu,Bank OTP Message,zenodo_21810885
"Your NayaPay OTP for online transaction is 67680668. Do not share this OTP with anyone, not even bank staff.",0,roman_urdu,Bank OTP Message,zenodo_21810885
"Moaziz sarif, apka Ehsaas Program ki taraf se 1 Lakh PKR ka inaam nikla hai. Taseeq k liye 0356649009 par details send krain.",1,roman_urdu,Phishing - Government Scheme Scam,zenodo_21810885
"Your SadaPay OTP for online transaction is 27983565. Do not share this OTP with anyone, not even bank staff.",0,roman_urdu,Bank OTP Message,zenodo_21810885
Mubarak ho! Inaam Ghar main apka 2500 ka inam lga ha. Apna inam hasil krne k lie apna Allied Bank pin is number par send krin.,1,roman_urdu,Phishing - Reward/Lottery Scam,zenodo_21810885
Aap ka MCB debit card ATM par use hua h. Amount: 12500 PKR. Agar yeh aap ne nahi kiya toh helpline par call karin.,0,roman_urdu,Bank ATM Transaction Alert,zenodo_21810885
"Mubarak ho! Jeeto Pakistan main apka 50,000 ka inam lga ha. Apna inam hasil krne k lie apna UBL pin is number par send krin.",1,roman_urdu,Phishing - Reward/Lottery Scam,zenodo_21810885
Apka SadaPay ka account verification na hone ki waja se block ho gaya hai. Abhi rabta krein 0333302962 par warna account hamesha k liye band ho jaye ga.,1,roman_urdu,Phishing - Account Block Threat,zenodo_21810885
Aap ka SadaPay debit card ATM par use hua h. Amount: 10000 PKR. Agar yeh aap ne nahi kiya toh helpline par call karin.,0,roman_urdu,Bank ATM Transaction Alert,zenodo_21810885
"Dear Consumer, apka is mahine ka PTCL ka bill 12500 PKR ha. Due date guzarne se pehle ada krn.",0,roman_urdu,Utility Bill Payment Reminder,zenodo_21810885
"Dear Customer, Apke UBL account me 1 Lakh PKR deposit hue hain. Available Balance: 1 Lakh PKR.",0,roman_urdu,Bank Deposit Notification,zenodo_21810885
FBR ki taraf se apka MCB acc freeze kr dia gya ha. Unblock krwane k lie abhi OTP pin code dain.,1,roman_urdu,Phishing - Account Freeze (FBR) Threat,zenodo_21810885
Easypaisa: Aap ne successfully 350 PKR transfer kar diye hain. Trx ID: 60463822.,0,roman_urdu,Mobile Wallet Transfer Confirmation,zenodo_21810885
"Dear Customer, Apke Easypaisa acount me 12500 PKR deposit hue hn. Available Balance: 12500 PKR.",0,roman_urdu,Bank Deposit Notification,zenodo_21810885
Aap k Allied Bank account se 350 PKR ki deduction hui hai tax ki madd mein.,0,roman_urdu,Bank Tax Deduction Notification,zenodo_21810885
FBR ki taraf se apka State Bank account freeze kr dia gya hai. Unblock krwane k lie abhi OTP pin code dain.,1,roman_urdu,Phishing - Account Freeze (FBR) Threat,zenodo_21810885
Aap k JazzCash account se 10000 PKR ki deduction hui hai tax ki madd mein.,0,roman_urdu,Bank Tax Deduction Notification,zenodo_21810885
Apka MCB acc hack hone ka khatra h. Apna password change krne k lie abhi is number par sms karin.,1,roman_urdu,Phishing - Account Hack Warning,zenodo_21810885
"Your Allied Bank OTP for online transaction is 30315154. Do not share this OTP with anyone, not even bank staff.",0,roman_urdu,Bank OTP Message,zenodo_21810885
"Dear Consumer, apka is mahine ka WASA ka bill 5000 PKR hai. Due date guzarne se pehle ada karein.",0,roman_urdu,Utility Bill Payment Reminder,zenodo_21810885
"Aap ka JazzCash debit card ATM par use hua ha. Amount: 50,000 PKR. Agar yeh aap ne nahi kiya toh helpline par call karin.",0,roman_urdu,Bank ATM Transaction Alert,zenodo_21810885
Apka UBL account hack hone ka khatra hai. Apna password change krne k lie abhi is number par sms karin.,1,roman_urdu,Phishing - Account Hack Warning,zenodo_21810885
"Dear Customer, Apke HBL acc me 350 PKR deposit hue han. Available Balance: 350 PKR.",0,roman_urdu,Bank Deposit Notification,zenodo_21810885
Apka JazzCash ka account tax jama na krwane ki waja se block ho gaya hai. Abhi call karein 0362558223 par warna account hamesha k liye band ho jaye ga.,1,roman_urdu,Phishing - Account Block Threat,zenodo_21810885
"Salary of 50,000 PKR has been credited to your NayaPay acount. Thank you.",0,roman_urdu,Salary Credit Notification,zenodo_21810885
"Your UBL OTP for online transaction is 21082359. Do not share this OTP with anyone, not even bank staff.",0,roman_urdu,Bank OTP Message,zenodo_21810885
Traffic Police: Apki gari ka E-Challan generate ho gaya ha. Amount 2500 PKR. Akhri tareekh se pehle PSCA app k zariye pay krn.,0,roman_urdu,Traffic Challan Notification,zenodo_21810885
"Moaziz sarif, apka BISP ki taraf se 1 Lakh PKR ka inaam nikla hai. Taseeq k liye 0362582792 par sms karin.",1,roman_urdu,Phishing - Reward/Lottery Scam,zenodo_21810885
"Your UBL OTP for online transaction is 60478272. Do not share this OTP with anyone, not even bank staff.",0,roman_urdu,Bank OTP Message,zenodo_21810885
"Your NayaPay OTP for online transaction is 96776218. Do not share this OTP with anyone, not even bank staff.",0,roman_urdu,Bank OTP Message,zenodo_21810885
"Easypaisa: Aap ne successfully 50,000 PKR transfer kar diye hain. Trx ID: 28722369.",0,roman_urdu,Mobile Wallet Transfer Confirmation,zenodo_21810885
Easypaisa: Aap ne successfully 2500 PKR transfer kar diye hain. Trx ID: 59354959.,0,roman_urdu,Mobile Wallet Transfer Confirmation,zenodo_21810885
Easypaisa: Aap ne successfully 1 Lakh PKR transfer kar diye hain. Trx ID: 89933112.,0,roman_urdu,Mobile Wallet Transfer Confirmation,zenodo_21810885
Salary of 5000 PKR has been credited to your HBL acc. Thank you.,0,roman_urdu,Salary Credit Notification,zenodo_21810885
FBR ki taraf se apka Allied Bank acc freeze kr dia gya ha. Unblock krwane k lie abhi OTP call kren.,1,roman_urdu,Phishing - Account Freeze (FBR) Threat,zenodo_21810885
Apka UBL ka acc suspicious activity ki waja se block ho gaya ha. Abhi call kren 0326022960 par warna acc hamesha k liye band ho jaye ga.,1,roman_urdu,Phishing - Account Block Threat,zenodo_21810885
"Your UBL OTP for online transaction is 87460017. Do not share this OTP with anyone, not even bank staff.",0,roman_urdu,Bank OTP Message,zenodo_21810885
Easypaisa: Aap ne successfully 10000 PKR transfer kar diye hn. Trx ID: 88597868.,0,roman_urdu,Mobile Wallet Transfer Confirmation,zenodo_21810885
FBR ki taraf se apka MCB account freeze kr dia gya hai. Unblock krwane k lie abhi OTP rabta krein.,1,roman_urdu,Phishing - Account Freeze (FBR) Threat,zenodo_21810885
"Your Easypaisa OTP for online transaction is 65529819. Do not share this OTP with anyone, not even bank staff.",0,roman_urdu,Bank OTP Message,zenodo_21810885
"Your UBL OTP for online transaction is 99696008. Do not share this OTP with anyone, not even bank staff.",0,roman_urdu,Bank OTP Message,zenodo_21810885
FBR ki taraf se apka Allied Bank account freeze kr dia gya hai. Unblock krwane k lie abhi OTP call karein.,1,roman_urdu,Phishing - Account Freeze (FBR) Threat,zenodo_21810885
Salary of 350 PKR has been credited to your MCB acount. Thank you.,0,roman_urdu,Salary Credit Notification,zenodo_21810885
Easypaisa: Aap ne successfully 1 Lakh PKR transfer kar diye hain. Trx ID: 82719077.,0,roman_urdu,Mobile Wallet Transfer Confirmation,zenodo_21810885
"Moaziz sarif, apka Ehsaas Program ki taraf se 2500 PKR ka inaam nikla ha. Taseeq k liye 0364141938 par details send krain.",1,roman_urdu,Phishing - Government Scheme Scam,zenodo_21810885
Easypaisa: Aap ne successfully 350 PKR transfer kar diye hain. Trx ID: 62396922.,0,roman_urdu,Mobile Wallet Transfer Confirmation,zenodo_21810885
Aap k HBL account se 12500 PKR ki deduction hui hai tax ki madd mein.,0,roman_urdu,Bank Tax Deduction Notification,zenodo_21810885
"Moaziz sarif, apka Jeeto Pakistan ki taraf se 350 PKR ka inaam nikla hai. Taseeq k liye 0360249209 par details send krain.",1,roman_urdu,Phishing - Reward/Lottery Scam,zenodo_21810885
Aap ka MCB debit card ATM par use hua hai. Amount: 2500 PKR. Agar yeh aap ne nahi kiya toh helpline par call karein.,0,roman_urdu,Bank ATM Transaction Alert,zenodo_21810885
"Your HBL OTP for online transaction is 29473773. Do not share this OTP with anyone, not even bank staff.",0,roman_urdu,Bank OTP Message,zenodo_21810885
Traffic Police: Apki gari ka E-Challan generate ho gaya h. Amount 10000 PKR. Akhri tareekh se pehle PSCA app k zariye pay krn.,0,roman_urdu,Traffic Challan Notification,zenodo_21810885
Aap k MCB acc se 12500 PKR ki deduction hui ha tax ki madd mein.,0,roman_urdu,Bank Tax Deduction Notification,zenodo_21810885
Apka JazzCash ka account verification na hone ki waja se block ho gaya hai. Abhi rabta krein 0381737561 par warna account hamesha k liye band ho jaye ga.,1,roman_urdu,Phishing - Account Block Threat,zenodo_21810885
FBR ki taraf se apka Allied Bank acc freeze kr dia gya ha. Unblock krwane k lie abhi OTP details send krain.,1,roman_urdu,Phishing - Account Freeze (FBR) Threat,zenodo_21810885
Easypaisa: Aap ne successfully 10000 PKR transfer kar diye hain. Trx ID: 59855907.,0,roman_urdu,Mobile Wallet Transfer Confirmation,zenodo_21810885
Salary of 1 Lakh PKR has been credited to your Easypaisa account. Thank you.,0,roman_urdu,Salary Credit Notification,zenodo_21810885
Easypaisa: Aap ne successfully 2500 PKR transfer kar diye hain. Trx ID: 19544434.,0,roman_urdu,Mobile Wallet Transfer Confirmation,zenodo_21810885
Apka MCB ka account KYC update na hone ki waja se block ho gaya hai. Abhi OTP bataen 0312954958 par warna account hamesha k liye band ho jaye ga.,1,roman_urdu,Phishing - Account Block Threat,zenodo_21810885
Apka State Bank ka acount verification na hone ki waja se block ho gaya ha. Abhi sms karin 0391538432 par warna acount hamesha k liye band ho jaye ga.,1,roman_urdu,Phishing - Account Block Threat,zenodo_21810885
"Moaziz sarif, apka Benazir Income Support ki taraf se 12500 PKR ka inaam nikla hai. Taseeq k liye 0360376337 par details send krain.",1,roman_urdu,Phishing - Government Scheme Scam,zenodo_21810885
"Aap ka State Bank debit card ATM par use hua hai. Amount: 50,000 PKR. Agar yeh aap ne nahi kiya toh helpline par call karein.",0,roman_urdu,Bank ATM Transaction Alert,zenodo_21810885
"Your HBL OTP for online transaction is 70845784. Do not share this OTP with anyone, not even bank staff.",0,roman_urdu,Bank OTP Message,zenodo_21810885
Easypaisa: Aap ne successfully 12500 PKR transfer kar diye han. Trx ID: 82145008.,0,roman_urdu,Mobile Wallet Transfer Confirmation,zenodo_21810885
"Dear Consumer, apka is mahine ka Sui Gas ka bill 50,000 PKR h. Due date guzarne se pehle ada kren.",0,roman_urdu,Utility Bill Payment Reminder,zenodo_21810885
"Moaziz sarif, apka BISP ki taraf se 350 PKR ka inaam nikla hai. Taseeq k liye 0346424790 par OTP bataen.",1,roman_urdu,Phishing - Reward/Lottery Scam,zenodo_21810885
"Your JazzCash OTP for online transaction is 21846997. Do not share this OTP with anyone, not even bank staff.",0,roman_urdu,Bank OTP Message,zenodo_21810885
Apka HBL account hack hone ka khatra hai. Apna password change krne k lie abhi is number par OTP bataen.,1,roman_urdu,Phishing - Account Hack Warning,zenodo_21810885
"Dear Customer, Apke NayaPay acount me 1 Lakh PKR deposit hue han. Available Balance: 1 Lakh PKR.",0,roman_urdu,Bank Deposit Notification,zenodo_21810885
FBR ki taraf se apka State Bank account freeze kr dia gya hai. Unblock krwane k lie abhi OTP sms karin.,1,roman_urdu,Phishing - Account Freeze (FBR) Threat,zenodo_21810885
"Dear Consumer, apka is mahine ka IESCO ka bill 50,000 PKR hai. Due date guzarne se pehle ada karein.",0,roman_urdu,Utility Bill Payment Reminder,zenodo_21810885
Mubarak ho! Inaam Ghar main apka 350 ka inam lga ha. Apna inam hasil krne k lie apna UBL pin is number par send krin.,1,roman_urdu,Phishing - Reward/Lottery Scam,zenodo_21810885
Mubarak ho! Ehsaas Program main apka 2500 ka inam lga ha. Apna inam hasil krne k lie apna Easypaisa pin is number par send krin.,1,roman_urdu,Phishing - Government Scheme Scam,zenodo_21810885
FBR ki taraf se apka Meezan Bank account freeze kr dia gya hai. Unblock krwane k lie abhi OTP rabta krein.,1,roman_urdu,Phishing - Account Freeze (FBR) Threat,zenodo_21810885
Aap k UBL acount se 2500 PKR ki deduction hui h tax ki madd mein.,0,roman_urdu,Bank Tax Deduction Notification,zenodo_21810885
Easypaisa: Aap ne successfully 350 PKR transfer kar diye hain. Trx ID: 72367361.,0,roman_urdu,Mobile Wallet Transfer Confirmation,zenodo_21810885
Apka SadaPay ka acc KYC update na hone ki waja se block ho gaya ha. Abhi call karin 0380909208 par warna acc hamesha k liye band ho jaye ga.,1,roman_urdu,Phishing - Account Block Threat,zenodo_21810885
PTCL Alert: Apka pichla bill clear ho chuka hai. Current balance is 0 PKR.,0,roman_urdu,Utility Bill Cleared Notification,zenodo_21810885
Easypaisa: Aap ne successfully 1 Lakh PKR transfer kar diye han. Trx ID: 31631143.,0,roman_urdu,Mobile Wallet Transfer Confirmation,zenodo_21810885
"Moaziz sarif, apka BISP ki taraf se 350 PKR ka inaam nikla h. Taseeq k liye 0358572400 par call krn.",1,roman_urdu,Phishing - Reward/Lottery Scam,zenodo_21810885
"Moaziz sarif, apka Benazir Income Support ki taraf se 350 PKR ka inaam nikla h. Taseeq k liye 0359044057 par sms karin.",1,roman_urdu,Phishing - Government Scheme Scam,zenodo_21810885
Easypaisa: Aap ne successfully 350 PKR transfer kar diye han. Trx ID: 91109146.,0,roman_urdu,Mobile Wallet Transfer Confirmation,zenodo_21810885
Salary of 12500 PKR has been credited to your HBL acount. Thank you.,0,roman_urdu,Salary Credit Notification,zenodo_21810885
Apka SadaPay ka acount verification na hone ki waja se block ho gaya ha. Abhi rabta krein 0314466970 par warna acount hamesha k liye band ho jaye ga.,1,roman_urdu,Phishing - Account Block Threat,zenodo_21810885
Traffic Police: Apki gari ka E-Challan generate ho gaya ha. Amount 2500 PKR. Akhri tareekh se pehle PSCA app k zariye pay kren.,0,roman_urdu,Traffic Challan Notification,zenodo_21810885
"Your JazzCash OTP for online transaction is 62039134. Do not share this OTP with anyone, not even bank staff.",0,roman_urdu,Bank OTP Message,zenodo_21810885
"Your Allied Bank OTP for online transaction is 96321500. Do not share this OTP with anyone, not even bank staff.",0,roman_urdu,Bank OTP Message,zenodo_21810885
"Your State Bank OTP for online transaction is 41930063. Do not share this OTP with anyone, not even bank staff.",0,roman_urdu,Bank OTP Message,zenodo_21810885
"Moaziz sarif, apka BISP ki taraf se 12500 PKR ka inaam nikla hai. Taseeq k liye 0364220705 par rabta krein.",1,roman_urdu,Phishing - Reward/Lottery Scam,zenodo_21810885
"Aap k Meezan Bank account se 50,000 PKR ki deduction hui hai tax ki madd mein.",0,roman_urdu,Bank Tax Deduction Notification,zenodo_21810885
Aap k HBL account se 10000 PKR ki deduction hui hai tax ki madd mein.,0,roman_urdu,Bank Tax Deduction Notification,zenodo_21810885
"Dear Consumer, apka is mahine ka IESCO ka bill 10000 PKR h. Due date guzarne se pehle ada kren.",0,roman_urdu,Utility Bill Payment Reminder,zenodo_21810885
"Your HBL OTP for online transaction is 79906449. Do not share this OTP with anyone, not even bank staff.",0,roman_urdu,Bank OTP Message,zenodo_21810885
Aap k MCB account se 1 Lakh PKR ki deduction hui hai tax ki madd mein.,0,roman_urdu,Bank Tax Deduction Notification,zenodo_21810885
"Aap ka Allied Bank debit card ATM par use hua h. Amount: 75,000 PKR. Agar yeh aap ne nahi kiya toh helpline par call krn.",0,roman_urdu,Bank ATM Transaction Alert,zenodo_21810885
"Dear Consumer, apka is mahine ka WASA ka bill 12500 PKR hai. Due date guzarne se pehle ada karein.",0,roman_urdu,Utility Bill Payment Reminder,zenodo_21810885
"Aap k SadaPay account se 50,000 PKR ki deduction hui hai tax ki madd mein.",0,roman_urdu,Bank Tax Deduction Notification,zenodo_21810885
Salary of 12500 PKR has been credited to your NayaPay acount. Thank you.,0,roman_urdu,Salary Credit Notification,zenodo_21810885
Salary of 10000 PKR has been credited to your Meezan Bank acount. Thank you.,0,roman_urdu,Salary Credit Notification,zenodo_21810885
"Dear Consumer, apka is mahine ka LESCO ka bill 75,000 PKR h. Due date guzarne se pehle ada krn.",0,roman_urdu,Utility Bill Payment Reminder,zenodo_21810885
Apka UBL ka account tax jama na krwane ki waja se block ho gaya hai. Abhi details send krain 0380251778 par warna account hamesha k liye band ho jaye ga.,1,roman_urdu,Phishing - Account Block Threat,zenodo_21810885
Easypaisa: Aap ne successfully 2500 PKR transfer kar diye hain. Trx ID: 65193040.,0,roman_urdu,Mobile Wallet Transfer Confirmation,zenodo_21810885
Aap k HBL acount se 1 Lakh PKR ki deduction hui h tax ki madd mein.,0,roman_urdu,Bank Tax Deduction Notification,zenodo_21810885
"Dear Consumer, apka is mahine ka WASA ka bill 350 PKR h. Due date guzarne se pehle ada krn.",0,roman_urdu,Utility Bill Payment Reminder,zenodo_21810885
Easypaisa: Aap ne successfully 350 PKR transfer kar diye hain. Trx ID: 20169965.,0,roman_urdu,Mobile Wallet Transfer Confirmation,zenodo_21810885
Aap k JazzCash acc se 12500 PKR ki deduction hui ha tax ki madd mein.,0,roman_urdu,Bank Tax Deduction Notification,zenodo_21810885
Easypaisa: Aap ne successfully 12500 PKR transfer kar diye hain. Trx ID: 21744792.,0,roman_urdu,Mobile Wallet Transfer Confirmation,zenodo_21810885
Salary of 10000 PKR has been credited to your UBL account. Thank you.,0,roman_urdu,Salary Credit Notification,zenodo_21810885
Traffic Police: Apki gari ka E-Challan generate ho gaya h. Amount 1 Lakh PKR. Akhri tareekh se pehle PSCA app k zariye pay karin.,0,roman_urdu,Traffic Challan Notification,zenodo_21810885
"Your State Bank OTP for online transaction is 89359727. Do not share this OTP with anyone, not even bank staff.",0,roman_urdu,Bank OTP Message,zenodo_21810885
"Moaziz sarif, apka Ehsaas Program ki taraf se 350 PKR ka inaam nikla hai. Taseeq k liye 0355233806 par pin code dain.",1,roman_urdu,Phishing - Government Scheme Scam,zenodo_21810885
"Your Allied Bank OTP for online transaction is 89752332. Do not share this OTP with anyone, not even bank staff.",0,roman_urdu,Bank OTP Message,zenodo_21810885
Easypaisa: Aap ne successfully 2500 PKR transfer kar diye hain. Trx ID: 72801921.,0,roman_urdu,Mobile Wallet Transfer Confirmation,zenodo_21810885
"Your Meezan Bank OTP for online transaction is 77427720. Do not share this OTP with anyone, not even bank staff.",0,roman_urdu,Bank OTP Message,zenodo_21810885
Apka Meezan Bank ka account tax jama na krwane ki waja se block ho gaya hai. Abhi details send krain 0378105319 par warna account hamesha k liye band ho jaye ga.,1,roman_urdu,Phishing - Account Block Threat,zenodo_21810885
"Your Easypaisa OTP for online transaction is 92981730. Do not share this OTP with anyone, not even bank staff.",0,roman_urdu,Bank OTP Message,zenodo_21810885
"Moaziz sarif, apka Benazir Income Support ki taraf se 50,000 PKR ka inaam nikla hai. Taseeq k liye 0311116742 par sms karin.",1,roman_urdu,Phishing - Government Scheme Scam,zenodo_21810885
Easypaisa: Aap ne successfully 2500 PKR transfer kar diye hain. Trx ID: 91908704.,0,roman_urdu,Mobile Wallet Transfer Confirmation,zenodo_21810885
"Your NayaPay OTP for online transaction is 77153536. Do not share this OTP with anyone, not even bank staff.",0,roman_urdu,Bank OTP Message,zenodo_21810885
Apka SadaPay ka account KYC update na hone ki waja se block ho gaya hai. Abhi OTP bataen 0372043825 par warna account hamesha k liye band ho jaye ga.,1,roman_urdu,Phishing - Account Block Threat,zenodo_21810885
Mubarak ho! Benazir Income Support main apka 12500 ka inam lga ha. Apna inam hasil krne k lie apna State Bank pin is number par send krin.,1,roman_urdu,Phishing - Government Scheme Scam,zenodo_21810885
"Dear Consumer, apka is mahine ka WASA ka bill 1 Lakh PKR h. Due date guzarne se pehle ada krn.",0,roman_urdu,Utility Bill Payment Reminder,zenodo_21810885
"Dear Consumer, apka is mahine ka WASA ka bill 350 PKR h. Due date guzarne se pehle ada karin.",0,roman_urdu,Utility Bill Payment Reminder,zenodo_21810885
Apka NayaPay ka acc system error ki waja se block ho gaya h. Abhi details send krain 0398264956 par warna acc hamesha k liye band ho jaye ga.,1,roman_urdu,Phishing - Account Block Threat,zenodo_21810885
"Moaziz sarif, apka Ehsaas Program ki taraf se 350 PKR ka inaam nikla hai. Taseeq k liye 0374047194 par details send krain.",1,roman_urdu,Phishing - Government Scheme Scam,zenodo_21810885
IESCO Alert: Apka pichla bill clear ho chuka h. Current balance is 0 PKR.,0,roman_urdu,Utility Bill Cleared Notification,zenodo_21810885
Apka State Bank ka account tax jama na krwane ki waja se block ho gaya hai. Abhi rabta krein 0355307670 par warna account hamesha k liye band ho jaye ga.,1,roman_urdu,Phishing - Account Block Threat,zenodo_21810885
Aap ka JazzCash debit card ATM par use hua ha. Amount: 2500 PKR. Agar yeh aap ne nahi kiya toh helpline par call krn.,0,roman_urdu,Bank ATM Transaction Alert,zenodo_21810885
"Dear Consumer, apka is mahine ka IESCO ka bill 75,000 PKR h. Due date guzarne se pehle ada kren.",0,roman_urdu,Utility Bill Payment Reminder,zenodo_21810885
"Easypaisa: Aap ne successfully 75,000 PKR transfer kar diye hain. Trx ID: 37893128.",0,roman_urdu,Mobile Wallet Transfer Confirmation,zenodo_21810885
Aap ka Easypaisa debit card ATM par use hua h. Amount: 2500 PKR. Agar yeh aap ne nahi kiya toh helpline par call krn.,0,roman_urdu,Bank ATM Transaction Alert,zenodo_21810885
Apka HBL ka account tax jama na krwane ki waja se block ho gaya hai. Abhi details send krain 0386005702 par warna account hamesha k liye band ho jaye ga.,1,roman_urdu,Phishing - Account Block Threat,zenodo_21810885
"Salary of 50,000 PKR has been credited to your NayaPay account. Thank you.",0,roman_urdu,Salary Credit Notification,zenodo_21810885
Easypaisa: Aap ne successfully 10000 PKR transfer kar diye han. Trx ID: 40437287.,0,roman_urdu,Mobile Wallet Transfer Confirmation,zenodo_21810885
Easypaisa: Aap ne successfully 1 Lakh PKR transfer kar diye hn. Trx ID: 38556108.,0,roman_urdu,Mobile Wallet Transfer Confirmation,zenodo_21810885
"Dear Consumer, apka is mahine ka PTCL ka bill 350 PKR ha. Due date guzarne se pehle ada krn.",0,roman_urdu,Utility Bill Payment Reminder,zenodo_21810885
Easypaisa: Aap ne successfully 350 PKR transfer kar diye hain. Trx ID: 82917439.,0,roman_urdu,Mobile Wallet Transfer Confirmation,zenodo_21810885
"Aap k JazzCash account se 50,000 PKR ki deduction hui hai tax ki madd mein.",0,roman_urdu,Bank Tax Deduction Notification,zenodo_21810885
"Dear Customer, Apke Meezan Bank account me 5000 PKR deposit hue hain. Available Balance: 5000 PKR.",0,roman_urdu,Bank Deposit Notification,zenodo_21810885
"Your UBL OTP for online transaction is 58028603. Do not share this OTP with anyone, not even bank staff.",0,roman_urdu,Bank OTP Message,zenodo_21810885
"Dear Customer, Apke UBL account me 75,000 PKR deposit hue hain. Available Balance: 75,000 PKR.",0,roman_urdu,Bank Deposit Notification,zenodo_21810885
"Easypaisa: Aap ne successfully 50,000 PKR transfer kar diye hain. Trx ID: 10526773.",0,roman_urdu,Mobile Wallet Transfer Confirmation,zenodo_21810885
Apka JazzCash ka account verification na hone ki waja se block ho gaya hai. Abhi sms karin 0394454544 par warna account hamesha k liye band ho jaye ga.,1,roman_urdu,Phishing - Account Block Threat,zenodo_21810885
Aap ka Easypaisa debit card ATM par use hua hai. Amount: 5000 PKR. Agar yeh aap ne nahi kiya toh helpline par call karein.,0,roman_urdu,Bank ATM Transaction Alert,zenodo_21810885
Aap ka Allied Bank debit card ATM par use hua hai. Amount: 12500 PKR. Agar yeh aap ne nahi kiya toh helpline par call karein.,0,roman_urdu,Bank ATM Transaction Alert,zenodo_21810885
"Your MCB OTP for online transaction is 84280481. Do not share this OTP with anyone, not even bank staff.",0,roman_urdu,Bank OTP Message,zenodo_21810885
Traffic Police: Apki gari ka E-Challan generate ho gaya ha. Amount 350 PKR. Akhri tareekh se pehle PSCA app k zariye pay kren.,0,roman_urdu,Traffic Challan Notification,zenodo_21810885
"Moaziz sarif, apka Benazir Income Support ki taraf se 12500 PKR ka inaam nikla hai. Taseeq k liye 0357764311 par rabta krein.",1,roman_urdu,Phishing - Government Scheme Scam,zenodo_21810885
Aap ka MCB debit card ATM par use hua hai. Amount: 10000 PKR. Agar yeh aap ne nahi kiya toh helpline par call karein.,0,roman_urdu,Bank ATM Transaction Alert,zenodo_21810885
Easypaisa: Aap ne successfully 5000 PKR transfer kar diye hain. Trx ID: 92616266.,0,roman_urdu,Mobile Wallet Transfer Confirmation,zenodo_21810885
"Mubarak ho! Jeeto Pakistan main apka 50,000 ka inam lga ha. Apna inam hasil krne k lie apna JazzCash pin is number par send krin.",1,roman_urdu,Phishing - Reward/Lottery Scam,zenodo_21810885
Easypaisa: Aap ne successfully 1 Lakh PKR transfer kar diye hain. Trx ID: 15207740.,0,roman_urdu,Mobile Wallet Transfer Confirmation,zenodo_21810885
"Moaziz sarif, apka BISP ki taraf se 75,000 PKR ka inaam nikla hai. Taseeq k liye 0338921129 par rabta krein.",1,roman_urdu,Phishing - Reward/Lottery Scam,zenodo_21810885
"Your JazzCash OTP for online transaction is 92227618. Do not share this OTP with anyone, not even bank staff.",0,roman_urdu,Bank OTP Message,zenodo_21810885
Apka State Bank account hack hone ka khatra hai. Apna password change krne k lie abhi is number par OTP bataen.,1,roman_urdu,Phishing - Account Hack Warning,zenodo_21810885
Apka Allied Bank ka account suspicious activity ki waja se block ho gaya hai. Abhi call karein 0321738213 par warna account hamesha k liye band ho jaye ga.,1,roman_urdu,Phishing - Account Block Threat,zenodo_21810885
Apka Allied Bank acount hack hone ka khatra ha. Apna password change krne k lie abhi is number par details send krain.,1,roman_urdu,Phishing - Account Hack Warning,zenodo_21810885
Easypaisa: Aap ne successfully 10000 PKR transfer kar diye hn. Trx ID: 26281240.,0,roman_urdu,Mobile Wallet Transfer Confirmation,zenodo_21810885
"Your NayaPay OTP for online transaction is 52402548. Do not share this OTP with anyone, not even bank staff.",0,roman_urdu,Bank OTP Message,zenodo_21810885
Aap ka Allied Bank debit card ATM par use hua hai. Amount: 1 Lakh PKR. Agar yeh aap ne nahi kiya toh helpline par call karein.,0,roman_urdu,Bank ATM Transaction Alert,zenodo_21810885
"Dear Customer, Apke JazzCash acc me 1 Lakh PKR deposit hue han. Available Balance: 1 Lakh PKR.",0,roman_urdu,Bank Deposit Notification,zenodo_21810885
Salary of 12500 PKR has been credited to your State Bank account. Thank you.,0,roman_urdu,Salary Credit Notification,zenodo_21810885
"Your Meezan Bank OTP for online transaction is 77745765. Do not share this OTP with anyone, not even bank staff.",0,roman_urdu,Bank OTP Message,zenodo_21810885
"Your JazzCash OTP for online transaction is 25775734. Do not share this OTP with anyone, not even bank staff.",0,roman_urdu,Bank OTP Message,zenodo_21810885
Apka Meezan Bank ka account suspicious activity ki waja se block ho gaya hai. Abhi call karein 0319001208 par warna account hamesha k liye band ho jaye ga.,1,roman_urdu,Phishing - Account Block Threat,zenodo_21810885
Easypaisa: Aap ne successfully 10000 PKR transfer kar diye hain. Trx ID: 35102506.,0,roman_urdu,Mobile Wallet Transfer Confirmation,zenodo_21810885
Apka Meezan Bank ka account verification na hone ki waja se block ho gaya hai. Abhi pin code dain 0370514501 par warna account hamesha k liye band ho jaye ga.,1,roman_urdu,Phishing - Account Block Threat,zenodo_21810885
"Aap k HBL account se 75,000 PKR ki deduction hui hai tax ki madd mein.",0,roman_urdu,Bank Tax Deduction Notification,zenodo_21810885
Easypaisa: Aap ne successfully 10000 PKR transfer kar diye han. Trx ID: 86230892.,0,roman_urdu,Mobile Wallet Transfer Confirmation,zenodo_21810885
Mubarak ho! Jeeto Pakistan main apka 350 ka inam lga ha. Apna inam hasil krne k lie apna MCB pin is number par send krin.,1,roman_urdu,Phishing - Reward/Lottery Scam,zenodo_21810885
"Moaziz sarif, apka Benazir Income Support ki taraf se 1 Lakh PKR ka inaam nikla hai. Taseeq k liye 0382809319 par call karein.",1,roman_urdu,Phishing - Government Scheme Scam,zenodo_21810885
FBR ki taraf se apka JazzCash account freeze kr dia gya hai. Unblock krwane k lie abhi OTP details send krain.,1,roman_urdu,Phishing - Account Freeze (FBR) Threat,zenodo_21810885
Easypaisa: Aap ne successfully 12500 PKR transfer kar diye hain. Trx ID: 47529236.,0,roman_urdu,Mobile Wallet Transfer Confirmation,zenodo_21810885
Apka State Bank ka account tax jama na krwane ki waja se block ho gaya hai. Abhi details send krain 0351453743 par warna account hamesha k liye band ho jaye ga.,1,roman_urdu,Phishing - Account Block Threat,zenodo_21810885
"Your State Bank OTP for online transaction is 74188941. Do not share this OTP with anyone, not even bank staff.",0,roman_urdu,Bank OTP Message,zenodo_21810885
Mubarak ho! BISP main apka 10000 ka inam lga ha. Apna inam hasil krne k lie apna State Bank pin is number par send krin.,1,roman_urdu,Phishing - Reward/Lottery Scam,zenodo_21810885
Apka State Bank ka account KYC update na hone ki waja se block ho gaya hai. Abhi OTP bataen 0344037735 par warna account hamesha k liye band ho jaye ga.,1,roman_urdu,Phishing - Account Block Threat,zenodo_21810885
Aap k State Bank account se 12500 PKR ki deduction hui hai tax ki madd mein.,0,roman_urdu,Bank Tax Deduction Notification,zenodo_21810885
Traffic Police: Apki gari ka E-Challan generate ho gaya hai. Amount 350 PKR. Akhri tareekh se pehle PSCA app k zariye pay karein.,0,roman_urdu,Traffic Challan Notification,zenodo_21810885
FBR ki taraf se apka NayaPay account freeze kr dia gya hai. Unblock krwane k lie abhi OTP sms karin.,1,roman_urdu,Phishing - Account Freeze (FBR) Threat,zenodo_21810885
"Traffic Police: Apki gari ka E-Challan generate ho gaya h. Amount 75,000 PKR. Akhri tareekh se pehle PSCA app k zariye pay kren.",0,roman_urdu,Traffic Challan Notification,zenodo_21810885
Mubarak ho! Ehsaas Program main apka 5000 ka inam lga ha. Apna inam hasil krne k lie apna HBL pin is number par send krin.,1,roman_urdu,Phishing - Government Scheme Scam,zenodo_21810885
Mubarak ho! Ehsaas Program main apka 5000 ka inam lga ha. Apna inam hasil krne k lie apna Easypaisa pin is number par send krin.,1,roman_urdu,Phishing - Government Scheme Scam,zenodo_21810885
"Salary of 75,000 PKR has been credited to your MCB acount. Thank you.",0,roman_urdu,Salary Credit Notification,zenodo_21810885
"Traffic Police: Apki gari ka E-Challan generate ho gaya hai. Amount 75,000 PKR. Akhri tareekh se pehle PSCA app k zariye pay karein.",0,roman_urdu,Traffic Challan Notification,zenodo_21810885
Aap ka UBL debit card ATM par use hua h. Amount: 350 PKR. Agar yeh aap ne nahi kiya toh helpline par call karin.,0,roman_urdu,Bank ATM Transaction Alert,zenodo_21810885
"Your HBL OTP for online transaction is 37316888. Do not share this OTP with anyone, not even bank staff.",0,roman_urdu,Bank OTP Message,zenodo_21810885
Mubarak ho! Ehsaas Program main apka 1 Lakh ka inam lga ha. Apna inam hasil krne k lie apna HBL pin is number par send krin.,1,roman_urdu,Phishing - Government Scheme Scam,zenodo_21810885
"Mubarak ho! Jeeto Pakistan main apka 75,000 ka inam lga ha. Apna inam hasil krne k lie apna Easypaisa pin is number par send krin.",1,roman_urdu,Phishing - Reward/Lottery Scam,zenodo_21810885
"Your NayaPay OTP for online transaction is 74164028. Do not share this OTP with anyone, not even bank staff.",0,roman_urdu,Bank OTP Message,zenodo_21810885
"Dear Consumer, apka is mahine ka K-Electric ka bill 5000 PKR hai. Due date guzarne se pehle ada karein.",0,roman_urdu,Utility Bill Payment Reminder,zenodo_21810885
"Your Meezan Bank OTP for online transaction is 73356747. Do not share this OTP with anyone, not even bank staff.",0,roman_urdu,Bank OTP Message,zenodo_21810885
"Moaziz sarif, apka BISP ki taraf se 75,000 PKR ka inaam nikla hai. Taseeq k liye 0385657256 par call karein.",1,roman_urdu,Phishing - Reward/Lottery Scam,zenodo_21810885
Salary of 1 Lakh PKR has been credited to your Meezan Bank account. Thank you.,0,roman_urdu,Salary Credit Notification,zenodo_21810885
"Bha apke number par ghalti se mere 5000 rs aa gaye han easypaisa me, please wapis bhej dain shukar guzar hunga.",1,roman_urdu,Phishing - Wrong Number Refund Scam,zenodo_21810885
Mubarak ho! BISP main apka 5000 ka inam lga ha. Apna inam hasil krne k lie apna UBL pin is number par send krin.,1,roman_urdu,Phishing - Reward/Lottery Scam,zenodo_21810885
Mubarak ho! BISP main apka 350 ka inam lga ha. Apna inam hasil krne k lie apna SadaPay pin is number par send krin.,1,roman_urdu,Phishing - Reward/Lottery Scam,zenodo_21810885
"Your UBL OTP for online transaction is 55151462. Do not share this OTP with anyone, not even bank staff.",0,roman_urdu,Bank OTP Message,zenodo_21810885
Easypaisa: Aap ne successfully 1 Lakh PKR transfer kar diye hain. Trx ID: 27879920.,0,roman_urdu,Mobile Wallet Transfer Confirmation,zenodo_21810885
Apka HBL ka account KYC update na hone ki waja se block ho gaya hai. Abhi pin code dain 0357883454 par warna account hamesha k liye band ho jaye ga.,1,roman_urdu,Phishing - Account Block Threat,zenodo_21810885
Mubarak ho! Jeeto Pakistan main apka 2500 ka inam lga ha. Apna inam hasil krne k lie apna Easypaisa pin is number par send krin.,1,roman_urdu,Phishing - Reward/Lottery Scam,zenodo_21810885
Apka UBL ka account KYC update na hone ki waja se block ho gaya hai. Abhi rabta krein 0374852629 par warna account hamesha k liye band ho jaye ga.,1,roman_urdu,Phishing - Account Block Threat,zenodo_21810885
Apka Easypaisa account hack hone ka khatra hai. Apna password change krne k lie abhi is number par OTP bataen.,1,roman_urdu,Phishing - Account Hack Warning,zenodo_21810885
Apka MCB ka account system error ki waja se block ho gaya hai. Abhi details send krain 0394903100 par warna account hamesha k liye band ho jaye ga.,1,roman_urdu,Phishing - Account Block Threat,zenodo_21810885
Apka HBL ka acount KYC update na hone ki waja se block ho gaya h. Abhi pin code dain 0383056475 par warna acount hamesha k liye band ho jaye ga.,1,roman_urdu,Phishing - Account Block Threat,zenodo_21810885
Salary of 12500 PKR has been credited to your State Bank acount. Thank you.,0,roman_urdu,Salary Credit Notification,zenodo_21810885
Apka Allied Bank ka acc verification na hone ki waja se block ho gaya ha. Abhi OTP bataen 0368150904 par warna acc hamesha k liye band ho jaye ga.,1,roman_urdu,Phishing - Account Block Threat,zenodo_21810885
"Your UBL OTP for online transaction is 17256908. Do not share this OTP with anyone, not even bank staff.",0,roman_urdu,Bank OTP Message,zenodo_21810885
Salary of 2500 PKR has been credited to your JazzCash acount. Thank you.,0,roman_urdu,Salary Credit Notification,zenodo_21810885
"Your SadaPay OTP for online transaction is 48377313. Do not share this OTP with anyone, not even bank staff.",0,roman_urdu,Bank OTP Message,zenodo_21810885
Easypaisa: Aap ne successfully 350 PKR transfer kar diye hn. Trx ID: 73262500.,0,roman_urdu,Mobile Wallet Transfer Confirmation,zenodo_21810885
"Your Easypaisa OTP for online transaction is 18149483. Do not share this OTP with anyone, not even bank staff.",0,roman_urdu,Bank OTP Message,zenodo_21810885
Apka NayaPay ka account KYC update na hone ki waja se block ho gaya hai. Abhi rabta krein 0318376169 par warna account hamesha k liye band ho jaye ga.,1,roman_urdu,Phishing - Account Block Threat,zenodo_21810885
Apka JazzCash ka account system error ki waja se block ho gaya hai. Abhi details send krain 0344250131 par warna account hamesha k liye band ho jaye ga.,1,roman_urdu,Phishing - Account Block Threat,zenodo_21810885
Apka State Bank ka acc suspicious activity ki waja se block ho gaya ha. Abhi rabta krein 0348454773 par warna acc hamesha k liye band ho jaye ga.,1,roman_urdu,Phishing - Account Block Threat,zenodo_21810885
"Dear Customer, Apke JazzCash acc me 10000 PKR deposit hue hn. Available Balance: 10000 PKR.",0,roman_urdu,Bank Deposit Notification,zenodo_21810885
Mubarak ho! Inaam Ghar main apka 12500 ka inam lga ha. Apna inam hasil krne k lie apna Meezan Bank pin is number par send krin.,1,roman_urdu,Phishing - Reward/Lottery Scam,zenodo_21810885
"Moaziz sarif, apka Ehsaas Program ki taraf se 350 PKR ka inaam nikla hai. Taseeq k liye 0321966419 par sms karin.",1,roman_urdu,Phishing - Government Scheme Scam,zenodo_21810885
Mubarak ho! BISP main apka 5000 ka inam lga ha. Apna inam hasil krne k lie apna JazzCash pin is number par send krin.,1,roman_urdu,Phishing - Reward/Lottery Scam,zenodo_21810885
Apka HBL account hack hone ka khatra hai. Apna password change krne k lie abhi is number par pin code dain.,1,roman_urdu,Phishing - Account Hack Warning,zenodo_21810885
"Moaziz sarif, apka BISP ki taraf se 10000 PKR ka inaam nikla ha. Taseeq k liye 0398793936 par sms karin.",1,roman_urdu,Phishing - Reward/Lottery Scam,zenodo_21810885
"Moaziz sarif, apka Inaam Ghar ki taraf se 10000 PKR ka inaam nikla h. Taseeq k liye 0353620508 par pin code dain.",1,roman_urdu,Phishing - Reward/Lottery Scam,zenodo_21810885
Apka JazzCash ka account system error ki waja se block ho gaya hai. Abhi rabta krein 0345022588 par warna account hamesha k liye band ho jaye ga.,1,roman_urdu,Phishing - Account Block Threat,zenodo_21810885
Aap k HBL account se 2500 PKR ki deduction hui hai tax ki madd mein.,0,roman_urdu,Bank Tax Deduction Notification,zenodo_21810885
"Moaziz sarif, apka BISP ki taraf se 2500 PKR ka inaam nikla ha. Taseeq k liye 0362782181 par OTP bataen.",1,roman_urdu,Phishing - Reward/Lottery Scam,zenodo_21810885
Mubarak ho! Jeeto Pakistan main apka 12500 ka inam lga ha. Apna inam hasil krne k lie apna JazzCash pin is number par send krin.,1,roman_urdu,Phishing - Reward/Lottery Scam,zenodo_21810885
Apka SadaPay acount hack hone ka khatra h. Apna password change krne k lie abhi is number par rabta krein.,1,roman_urdu,Phishing - Account Hack Warning,zenodo_21810885
Salary of 350 PKR has been credited to your SadaPay account. Thank you.,0,roman_urdu,Salary Credit Notification,zenodo_21810885
"Your SadaPay OTP for online transaction is 60322528. Do not share this OTP with anyone, not even bank staff.",0,roman_urdu,Bank OTP Message,zenodo_21810885
"Your State Bank OTP for online transaction is 25144399. Do not share this OTP with anyone, not even bank staff.",0,roman_urdu,Bank OTP Message,zenodo_21810885
"Dear Customer, Apke JazzCash account me 12500 PKR deposit hue hain. Available Balance: 12500 PKR.",0,roman_urdu,Bank Deposit Notification,zenodo_21810885
"Your JazzCash OTP for online transaction is 69137755. Do not share this OTP with anyone, not even bank staff.",0,roman_urdu,Bank OTP Message,zenodo_21810885
"Dear Consumer, apka is mahine ka K-Electric ka bill 1 Lakh PKR h. Due date guzarne se pehle ada krn.",0,roman_urdu,Utility Bill Payment Reminder,zenodo_21810885
"Dear Consumer, apka is mahine ka LESCO ka bill 75,000 PKR h. Due date guzarne se pehle ada karin.",0,roman_urdu,Utility Bill Payment Reminder,zenodo_21810885
Easypaisa: Aap ne successfully 10000 PKR transfer kar diye hain. Trx ID: 11611508.,0,roman_urdu,Mobile Wallet Transfer Confirmation,zenodo_21810885
Apka Meezan Bank account hack hone ka khatra hai. Apna password change krne k lie abhi is number par call karein.,1,roman_urdu,Phishing - Account Hack Warning,zenodo_21810885
"Dear Consumer, apka is mahine ka Sui Gas ka bill 2500 PKR ha. Due date guzarne se pehle ada krn.",0,roman_urdu,Utility Bill Payment Reminder,zenodo_21810885
Salary of 1 Lakh PKR has been credited to your MCB account. Thank you.,0,roman_urdu,Salary Credit Notification,zenodo_21810885
"Your NayaPay OTP for online transaction is 54952331. Do not share this OTP with anyone, not even bank staff.",0,roman_urdu,Bank OTP Message,zenodo_21810885
Apka State Bank ka account suspicious activity ki waja se block ho gaya hai. Abhi pin code dain 0310305459 par warna account hamesha k liye band ho jaye ga.,1,roman_urdu,Phishing - Account Block Threat,zenodo_21810885
"Moaziz sarif, apka Benazir Income Support ki taraf se 75,000 PKR ka inaam nikla hai. Taseeq k liye 0334199647 par details send krain.",1,roman_urdu,Phishing - Government Scheme Scam,zenodo_21810885
Apka UBL acount hack hone ka khatra ha. Apna password change krne k lie abhi is number par sms karin.,1,roman_urdu,Phishing - Account Hack Warning,zenodo_21810885
Salary of 350 PKR has been credited to your Allied Bank account. Thank you.,0,roman_urdu,Salary Credit Notification,zenodo_21810885
Easypaisa: Aap ne successfully 12500 PKR transfer kar diye hain. Trx ID: 86355295.,0,roman_urdu,Mobile Wallet Transfer Confirmation,zenodo_21810885
"Moaziz sarif, apka Ehsaas Program ki taraf se 350 PKR ka inaam nikla hai. Taseeq k liye 0390726737 par call karein.",1,roman_urdu,Phishing - Government Scheme Scam,zenodo_21810885
K-Electric Alert: Apka pichla bill clear ho chuka h. Current balance is 0 PKR.,0,roman_urdu,Utility Bill Cleared Notification,zenodo_21810885
Apka NayaPay ka acount system error ki waja se block ho gaya h. Abhi rabta krein 0325387961 par warna acount hamesha k liye band ho jaye ga.,1,roman_urdu,Phishing - Account Block Threat,zenodo_21810885
"Dear Customer, Apke HBL account me 50,000 PKR deposit hue hain. Available Balance: 50,000 PKR.",0,roman_urdu,Bank Deposit Notification,zenodo_21810885
"Moaziz sarif, apka Benazir Income Support ki taraf se 50,000 PKR ka inaam nikla hai. Taseeq k liye 0381873579 par details send krain.",1,roman_urdu,Phishing - Government Scheme Scam,zenodo_21810885
"Aap k Easypaisa acount se 50,000 PKR ki deduction hui h tax ki madd mein.",0,roman_urdu,Bank Tax Deduction Notification,zenodo_21810885
"Your Easypaisa OTP for online transaction is 36855129. Do not share this OTP with anyone, not even bank staff.",0,roman_urdu,Bank OTP Message,zenodo_21810885
FBR ki taraf se apka State Bank account freeze kr dia gya hai. Unblock krwane k lie abhi OTP rabta krein.,1,roman_urdu,Phishing - Account Freeze (FBR) Threat,zenodo_21810885
"Mubarak ho! Inaam Ghar main apka 75,000 ka inam lga ha. Apna inam hasil krne k lie apna SadaPay pin is number par send krin.",1,roman_urdu,Phishing - Reward/Lottery Scam,zenodo_21810885
"Moaziz sarif, apka Benazir Income Support ki taraf se 350 PKR ka inaam nikla hai. Taseeq k liye 0330396491 par sms karin.",1,roman_urdu,Phishing - Government Scheme Scam,zenodo_21810885
Easypaisa: Aap ne successfully 12500 PKR transfer kar diye hn. Trx ID: 92250664.,0,roman_urdu,Mobile Wallet Transfer Confirmation,zenodo_21810885
Aap k Allied Bank account se 5000 PKR ki deduction hui hai tax ki madd mein.,0,roman_urdu,Bank Tax Deduction Notification,zenodo_21810885
Salary of 350 PKR has been credited to your Meezan Bank acc. Thank you.,0,roman_urdu,Salary Credit Notification,zenodo_21810885
"Your State Bank OTP for online transaction is 55352589. Do not share this OTP with anyone, not even bank staff.",0,roman_urdu,Bank OTP Message,zenodo_21810885
"Your Allied Bank OTP for online transaction is 29025237. Do not share this OTP with anyone, not even bank staff.",0,roman_urdu,Bank OTP Message,zenodo_21810885
Salary of 5000 PKR has been credited to your UBL account. Thank you.,0,roman_urdu,Salary Credit Notification,zenodo_21810885
"Your Allied Bank OTP for online transaction is 87422370. Do not share this OTP with anyone, not even bank staff.",0,roman_urdu,Bank OTP Message,zenodo_21810885
Easypaisa: Aap ne successfully 12500 PKR transfer kar diye hain. Trx ID: 77825635.,0,roman_urdu,Mobile Wallet Transfer Confirmation,zenodo_21810885
Aap k SadaPay acc se 12500 PKR ki deduction hui ha tax ki madd mein.,0,roman_urdu,Bank Tax Deduction Notification,zenodo_21810885
Aap k Allied Bank acc se 12500 PKR ki deduction hui h tax ki madd mein.,0,roman_urdu,Bank Tax Deduction Notification,zenodo_21810885
Apka HBL ka account system error ki waja se block ho gaya hai. Abhi call karein 0395035323 par warna account hamesha k liye band ho jaye ga.,1,roman_urdu,Phishing - Account Block Threat,zenodo_21810885
"Dear Customer, apka ATM card suspend kar dia gya ha. Apni details update krne k liye is link www.reward-claim.info pr click krain.",1,roman_urdu,Phishing - ATM Card Suspend Link,zenodo_21810885
"Moaziz sarif, apka Inaam Ghar ki taraf se 350 PKR ka inaam nikla ha. Taseeq k liye 0394408235 par pin code dain.",1,roman_urdu,Phishing - Reward/Lottery Scam,zenodo_21810885
Easypaisa: Aap ne successfully 5000 PKR transfer kar diye hain. Trx ID: 78683487.,0,roman_urdu,Mobile Wallet Transfer Confirmation,zenodo_21810885
Aap k Easypaisa account se 10000 PKR ki deduction hui hai tax ki madd mein.,0,roman_urdu,Bank Tax Deduction Notification,zenodo_21810885
"Your Meezan Bank OTP for online transaction is 68118011. Do not share this OTP with anyone, not even bank staff.",0,roman_urdu,Bank OTP Message,zenodo_21810885
Salary of 350 PKR has been credited to your NayaPay account. Thank you.,0,roman_urdu,Salary Credit Notification,zenodo_21810885
Aap ka State Bank debit card ATM par use hua h. Amount: 1 Lakh PKR. Agar yeh aap ne nahi kiya toh helpline par call karin.,0,roman_urdu,Bank ATM Transaction Alert,zenodo_21810885
"Easypaisa: Aap ne successfully 75,000 PKR transfer kar diye hain. Trx ID: 83718087.",0,roman_urdu,Mobile Wallet Transfer Confirmation,zenodo_21810885
Salary of 350 PKR has been credited to your JazzCash account. Thank you.,0,roman_urdu,Salary Credit Notification,zenodo_21810885
Apka HBL ka acount suspicious activity ki waja se block ho gaya ha. Abhi sms karin 0329312391 par warna acount hamesha k liye band ho jaye ga.,1,roman_urdu,Phishing - Account Block Threat,zenodo_21810885
Apka Allied Bank acc hack hone ka khatra ha. Apna password change krne k lie abhi is number par details send krain.,1,roman_urdu,Phishing - Account Hack Warning,zenodo_21810885
"Aap ka Allied Bank debit card ATM par use hua h. Amount: 50,000 PKR. Agar yeh aap ne nahi kiya toh helpline par call kren.",0,roman_urdu,Bank ATM Transaction Alert,zenodo_21810885
Apka NayaPay ka account system error ki waja se block ho gaya hai. Abhi call karein 0354654833 par warna account hamesha k liye band ho jaye ga.,1,roman_urdu,Phishing - Account Block Threat,zenodo_21810885
"Aap k Allied Bank account se 50,000 PKR ki deduction hui hai tax ki madd mein.",0,roman_urdu,Bank Tax Deduction Notification,zenodo_21810885
Mubarak ho! Ehsaas Program main apka 1 Lakh ka inam lga ha. Apna inam hasil krne k lie apna State Bank pin is number par send krin.,1,roman_urdu,Phishing - Government Scheme Scam,zenodo_21810885
"Bh apke number par ghalti se mere 1 Lakh rs aa gaye hn easypaisa me, please wapis bhej dain shukar guzar hunga.",1,roman_urdu,Phishing - Wrong Number Refund Scam,zenodo_21810885
Mubarak ho! Jeeto Pakistan main apka 10000 ka inam lga ha. Apna inam hasil krne k lie apna SadaPay pin is number par send krin.,1,roman_urdu,Phishing - Reward/Lottery Scam,zenodo_21810885
Apka JazzCash ka account verification na hone ki waja se block ho gaya hai. Abhi pin code dain 0390252950 par warna account hamesha k liye band ho jaye ga.,1,roman_urdu,Phishing - Account Block Threat,zenodo_21810885
"Aap k Allied Bank account se 75,000 PKR ki deduction hui hai tax ki madd mein.",0,roman_urdu,Bank Tax Deduction Notification,zenodo_21810885
"Your NayaPay OTP for online transaction is 20081651. Do not share this OTP with anyone, not even bank staff.",0,roman_urdu,Bank OTP Message,zenodo_21810885
Apka UBL ka acount tax jama na krwane ki waja se block ho gaya h. Abhi sms karin 0357340466 par warna acount hamesha k liye band ho jaye ga.,1,roman_urdu,Phishing - Account Block Threat,zenodo_21810885
"Moaziz sarif, apka Inaam Ghar ki taraf se 5000 PKR ka inaam nikla hai. Taseeq k liye 0315455905 par details send krain.",1,roman_urdu,Phishing - Reward/Lottery Scam,zenodo_21810885
Easypaisa: Aap ne successfully 5000 PKR transfer kar diye hn. Trx ID: 65355655.,0,roman_urdu,Mobile Wallet Transfer Confirmation,zenodo_21810885
Salary of 12500 PKR has been credited to your SadaPay account. Thank you.,0,roman_urdu,Salary Credit Notification,zenodo_21810885
"Moaziz sarif, apka Benazir Income Support ki taraf se 10000 PKR ka inaam nikla ha. Taseeq k liye 0363932819 par sms karin.",1,roman_urdu,Phishing - Government Scheme Scam,zenodo_21810885
FBR ki taraf se apka NayaPay acount freeze kr dia gya ha. Unblock krwane k lie abhi OTP pin code dain.,1,roman_urdu,Phishing - Account Freeze (FBR) Threat,zenodo_21810885
"Dear Customer, Apke HBL account me 5000 PKR deposit hue hain. Available Balance: 5000 PKR.",0,roman_urdu,Bank Deposit Notification,zenodo_21810885
Aap ka HBL debit card ATM par use hua ha. Amount: 5000 PKR. Agar yeh aap ne nahi kiya toh helpline par call karin.,0,roman_urdu,Bank ATM Transaction Alert,zenodo_21810885
"Your SadaPay OTP for online transaction is 93504309. Do not share this OTP with anyone, not even bank staff.",0,roman_urdu,Bank OTP Message,zenodo_21810885
Apka MCB ka acc tax jama na krwane ki waja se block ho gaya h. Abhi call karin 0315835400 par warna acc hamesha k liye band ho jaye ga.,1,roman_urdu,Phishing - Account Block Threat,zenodo_21810885
"Moaziz sarif, apka BISP ki taraf se 12500 PKR ka inaam nikla hai. Taseeq k liye 0363373939 par call karein.",1,roman_urdu,Phishing - Reward/Lottery Scam,zenodo_21810885
"Mubarak ho! Ehsaas Program main apka 75,000 ka inam lga ha. Apna inam hasil krne k lie apna MCB pin is number par send krin.",1,roman_urdu,Phishing - Government Scheme Scam,zenodo_21810885
"Your Allied Bank OTP for online transaction is 85353169. Do not share this OTP with anyone, not even bank staff.",0,roman_urdu,Bank OTP Message,zenodo_21810885
"Moaziz sarif, apka BISP ki taraf se 1 Lakh PKR ka inaam nikla hai. Taseeq k liye 0354503080 par sms karin.",1,roman_urdu,Phishing - Reward/Lottery Scam,zenodo_21810885
Mubarak ho! Benazir Income Support main apka 5000 ka inam lga ha. Apna inam hasil krne k lie apna NayaPay pin is number par send krin.,1,roman_urdu,Phishing - Government Scheme Scam,zenodo_21810885
"Dear Customer, Apke JazzCash account me 1 Lakh PKR deposit hue hain. Available Balance: 1 Lakh PKR.",0,roman_urdu,Bank Deposit Notification,zenodo_21810885
Aap k MCB account se 5000 PKR ki deduction hui hai tax ki madd mein.,0,roman_urdu,Bank Tax Deduction Notification,zenodo_21810885
Apka HBL ka account suspicious activity ki waja se block ho gaya hai. Abhi OTP bataen 0349287760 par warna account hamesha k liye band ho jaye ga.,1,roman_urdu,Phishing - Account Block Threat,zenodo_21810885
"Aap k State Bank account se 75,000 PKR ki deduction hui hai tax ki madd mein.",0,roman_urdu,Bank Tax Deduction Notification,zenodo_21810885
Easypaisa: Aap ne successfully 350 PKR transfer kar diye hain. Trx ID: 34889996.,0,roman_urdu,Mobile Wallet Transfer Confirmation,zenodo_21810885
"Your JazzCash OTP for online transaction is 93264552. Do not share this OTP with anyone, not even bank staff.",0,roman_urdu,Bank OTP Message,zenodo_21810885
Apka MCB ka account tax jama na krwane ki waja se block ho gaya hai. Abhi rabta krein 0397184576 par warna account hamesha k liye band ho jaye ga.,1,roman_urdu,Phishing - Account Block Threat,zenodo_21810885
Aap ka State Bank debit card ATM par use hua ha. Amount: 10000 PKR. Agar yeh aap ne nahi kiya toh helpline par call kren.,0,roman_urdu,Bank ATM Transaction Alert,zenodo_21810885
"Your State Bank OTP for online transaction is 67239815. Do not share this OTP with anyone, not even bank staff.",0,roman_urdu,Bank OTP Message,zenodo_21810885
Easypaisa: Aap ne successfully 350 PKR transfer kar diye hain. Trx ID: 20985696.,0,roman_urdu,Mobile Wallet Transfer Confirmation,zenodo_21810885
"Dear Consumer, apka is mahine ka K-Electric ka bill 75,000 PKR ha. Due date guzarne se pehle ada karin.",0,roman_urdu,Utility Bill Payment Reminder,zenodo_21810885
"Moaziz sarif, apka Jeeto Pakistan ki taraf se 50,000 PKR ka inaam nikla h. Taseeq k liye 0397411978 par rabta krein.",1,roman_urdu,Phishing - Reward/Lottery Scam,zenodo_21810885
Apka NayaPay ka account suspicious activity ki waja se block ho gaya hai. Abhi details send krain 0337085373 par warna account hamesha k liye band ho jaye ga.,1,roman_urdu,Phishing - Account Block Threat,zenodo_21810885
Apka JazzCash ka account suspicious activity ki waja se block ho gaya hai. Abhi rabta krein 0317430440 par warna account hamesha k liye band ho jaye ga.,1,roman_urdu,Phishing - Account Block Threat,zenodo_21810885
Salary of 350 PKR has been credited to your HBL account. Thank you.,0,roman_urdu,Salary Credit Notification,zenodo_21810885
"Moaziz sarif, apka BISP ki taraf se 75,000 PKR ka inaam nikla ha. Taseeq k liye 0349459414 par sms karin.",1,roman_urdu,Phishing - Reward/Lottery Scam,zenodo_21810885
Easypaisa: Aap ne successfully 2500 PKR transfer kar diye hain. Trx ID: 80187387.,0,roman_urdu,Mobile Wallet Transfer Confirmation,zenodo_21810885
Apka Meezan Bank ka account verification na hone ki waja se block ho gaya hai. Abhi sms karin 0337864529 par warna account hamesha k liye band ho jaye ga.,1,roman_urdu,Phishing - Account Block Threat,zenodo_21810885
"Salary of 50,000 PKR has been credited to your Easypaisa acount. Thank you.",0,roman_urdu,Salary Credit Notification,zenodo_21810885
"Your MCB OTP for online transaction is 50434339. Do not share this OTP with anyone, not even bank staff.",0,roman_urdu,Bank OTP Message,zenodo_21810885
Easypaisa: Aap ne successfully 5000 PKR transfer kar diye hain. Trx ID: 85199060.,0,roman_urdu,Mobile Wallet Transfer Confirmation,zenodo_21810885
"Dear Consumer, apka is mahine ka K-Electric ka bill 10000 PKR hai. Due date guzarne se pehle ada karein.",0,roman_urdu,Utility Bill Payment Reminder,zenodo_21810885
"Aap k Easypaisa account se 50,000 PKR ki deduction hui hai tax ki madd mein.",0,roman_urdu,Bank Tax Deduction Notification,zenodo_21810885
"Easypaisa: Aap ne successfully 50,000 PKR transfer kar diye han. Trx ID: 21822044.",0,roman_urdu,Mobile Wallet Transfer Confirmation,zenodo_21810885
Aap k Easypaisa acount se 10000 PKR ki deduction hui h tax ki madd mein.,0,roman_urdu,Bank Tax Deduction Notification,zenodo_21810885
Apka Meezan Bank ka account suspicious activity ki waja se block ho gaya hai. Abhi call karein 0352779931 par warna account hamesha k liye band ho jaye ga.,1,roman_urdu,Phishing - Account Block Threat,zenodo_21810885
"Your JazzCash OTP for online transaction is 55284003. Do not share this OTP with anyone, not even bank staff.",0,roman_urdu,Bank OTP Message,zenodo_21810885
Apka NayaPay acc hack hone ka khatra ha. Apna password change krne k lie abhi is number par pin code dain.,1,roman_urdu,Phishing - Account Hack Warning,zenodo_21810885
"Dear Consumer, apka is mahine ka WASA ka bill 10000 PKR ha. Due date guzarne se pehle ada kren.",0,roman_urdu,Utility Bill Payment Reminder,zenodo_21810885
Aap ka JazzCash debit card ATM par use hua hai. Amount: 10000 PKR. Agar yeh aap ne nahi kiya toh helpline par call karein.,0,roman_urdu,Bank ATM Transaction Alert,zenodo_21810885
"Aap ka Meezan Bank debit card ATM par use hua hai. Amount: 75,000 PKR. Agar yeh aap ne nahi kiya toh helpline par call karein.",0,roman_urdu,Bank ATM Transaction Alert,zenodo_21810885
"Bha apke number par ghalti se mere 50,000 rs aa gaye han easypaisa me, please wapis bhej dain shukar guzar hunga.",1,roman_urdu,Phishing - Wrong Number Refund Scam,zenodo_21810885
"Salary of 50,000 PKR has been credited to your NayaPay acc. Thank you.",0,roman_urdu,Salary Credit Notification,zenodo_21810885
Apka State Bank acount hack hone ka khatra ha. Apna password change krne k lie abhi is number par OTP bataen.,1,roman_urdu,Phishing - Account Hack Warning,zenodo_21810885
Apka SadaPay ka account system error ki waja se block ho gaya hai. Abhi rabta krein 0321735389 par warna account hamesha k liye band ho jaye ga.,1,roman_urdu,Phishing - Account Block Threat,zenodo_21810885
"Your UBL OTP for online transaction is 82635788. Do not share this OTP with anyone, not even bank staff.",0,roman_urdu,Bank OTP Message,zenodo_21810885
Apka HBL ka account verification na hone ki waja se block ho gaya hai. Abhi rabta krein 0327313930 par warna account hamesha k liye band ho jaye ga.,1,roman_urdu,Phishing - Account Block Threat,zenodo_21810885
Mubarak ho! Inaam Ghar main apka 1 Lakh ka inam lga ha. Apna inam hasil krne k lie apna MCB pin is number par send krin.,1,roman_urdu,Phishing - Reward/Lottery Scam,zenodo_21810885
"Your HBL OTP for online transaction is 45338421. Do not share this OTP with anyone, not even bank staff.",0,roman_urdu,Bank OTP Message,zenodo_21810885
Aap ka MCB debit card ATM par use hua hai. Amount: 5000 PKR. Agar yeh aap ne nahi kiya toh helpline par call karein.,0,roman_urdu,Bank ATM Transaction Alert,zenodo_21810885
"Your HBL OTP for online transaction is 49145541. Do not share this OTP with anyone, not even bank staff.",0,roman_urdu,Bank OTP Message,zenodo_21810885
Easypaisa: Aap ne successfully 10000 PKR transfer kar diye hain. Trx ID: 54428887.,0,roman_urdu,Mobile Wallet Transfer Confirmation,zenodo_21810885
Salary of 12500 PKR has been credited to your Allied Bank account. Thank you.,0,roman_urdu,Salary Credit Notification,zenodo_21810885
Easypaisa: Aap ne successfully 1 Lakh PKR transfer kar diye hain. Trx ID: 62513105.,0,roman_urdu,Mobile Wallet Transfer Confirmation,zenodo_21810885
Traffic Police: Apki gari ka E-Challan generate ho gaya h. Amount 12500 PKR. Akhri tareekh se pehle PSCA app k zariye pay kren.,0,roman_urdu,Traffic Challan Notification,zenodo_21810885
Apka NayaPay ka acc verification na hone ki waja se block ho gaya h. Abhi call krn 0348268204 par warna acc hamesha k liye band ho jaye ga.,1,roman_urdu,Phishing - Account Block Threat,zenodo_21810885
"Moaziz sarif, apka Ehsaas Program ki taraf se 12500 PKR ka inaam nikla h. Taseeq k liye 0365779737 par rabta krein.",1,roman_urdu,Phishing - Government Scheme Scam,zenodo_21810885
Apka HBL ka account KYC update na hone ki waja se block ho gaya hai. Abhi pin code dain 0366010324 par warna account hamesha k liye band ho jaye ga.,1,roman_urdu,Phishing - Account Block Threat,zenodo_21810885
Apka Meezan Bank ka account suspicious activity ki waja se block ho gaya hai. Abhi call karein 0393149744 par warna account hamesha k liye band ho jaye ga.,1,roman_urdu,Phishing - Account Block Threat,zenodo_21810885
Apka Allied Bank ka account KYC update na hone ki waja se block ho gaya hai. Abhi details send krain 0334742845 par warna account hamesha k liye band ho jaye ga.,1,roman_urdu,Phishing - Account Block Threat,zenodo_21810885
Easypaisa: Aap ne successfully 2500 PKR transfer kar diye hain. Trx ID: 18777741.,0,roman_urdu,Mobile Wallet Transfer Confirmation,zenodo_21810885
"Moaziz sarif, apka Jeeto Pakistan ki taraf se 50,000 PKR ka inaam nikla hai. Taseeq k liye 0383070028 par pin code dain.",1,roman_urdu,Phishing - Reward/Lottery Scam,zenodo_21810885
Mubarak ho! BISP main apka 1 Lakh ka inam lga ha. Apna inam hasil krne k lie apna SadaPay pin is number par send krin.,1,roman_urdu,Phishing - Reward/Lottery Scam,zenodo_21810885
FBR ki taraf se apka Easypaisa acount freeze kr dia gya h. Unblock krwane k lie abhi OTP call karin.,1,roman_urdu,Phishing - Account Freeze (FBR) Threat,zenodo_21810885
FBR ki taraf se apka HBL acount freeze kr dia gya ha. Unblock krwane k lie abhi OTP OTP bataen.,1,roman_urdu,Phishing - Account Freeze (FBR) Threat,zenodo_21810885
Apka NayaPay acc hack hone ka khatra ha. Apna password change krne k lie abhi is number par sms karin.,1,roman_urdu,Phishing - Account Hack Warning,zenodo_21810885
"Your MCB OTP for online transaction is 38902838. Do not share this OTP with anyone, not even bank staff.",0,roman_urdu,Bank OTP Message,zenodo_21810885
Salary of 10000 PKR has been credited to your Easypaisa account. Thank you.,0,roman_urdu,Salary Credit Notification,zenodo_21810885
"Dear Consumer, apka is mahine ka LESCO ka bill 350 PKR hai. Due date guzarne se pehle ada karein.",0,roman_urdu,Utility Bill Payment Reminder,zenodo_21810885
Sui Gas Alert: Apka pichla bill clear ho chuka hai. Current balance is 0 PKR.,0,roman_urdu,Utility Bill Cleared Notification,zenodo_21810885
"Your State Bank OTP for online transaction is 64211227. Do not share this OTP with anyone, not even bank staff.",0,roman_urdu,Bank OTP Message,zenodo_21810885
Aap k SadaPay acount se 12500 PKR ki deduction hui h tax ki madd mein.,0,roman_urdu,Bank Tax Deduction Notification,zenodo_21810885
Easypaisa: Aap ne successfully 2500 PKR transfer kar diye hain. Trx ID: 60742478.,0,roman_urdu,Mobile Wallet Transfer Confirmation,zenodo_21810885
"Dear Customer, Apke SadaPay account me 2500 PKR deposit hue hain. Available Balance: 2500 PKR.",0,roman_urdu,Bank Deposit Notification,zenodo_21810885
Apka MCB account hack hone ka khatra hai. Apna password change krne k lie abhi is number par rabta krein.,1,roman_urdu,Phishing - Account Hack Warning,zenodo_21810885
Salary of 10000 PKR has been credited to your SadaPay account. Thank you.,0,roman_urdu,Salary Credit Notification,zenodo_21810885
"Salary of 75,000 PKR has been credited to your MCB acc. Thank you.",0,roman_urdu,Salary Credit Notification,zenodo_21810885
Apka SadaPay ka account tax jama na krwane ki waja se block ho gaya hai. Abhi sms karin 0339873256 par warna account hamesha k liye band ho jaye ga.,1,roman_urdu,Phishing - Account Block Threat,zenodo_21810885
"Easypaisa: Aap ne successfully 75,000 PKR transfer kar diye hain. Trx ID: 71546273.",0,roman_urdu,Mobile Wallet Transfer Confirmation,zenodo_21810885
"Moaziz sarif, apka Benazir Income Support ki taraf se 1 Lakh PKR ka inaam nikla hai. Taseeq k liye 0351687418 par details send krain.",1,roman_urdu,Phishing - Government Scheme Scam,zenodo_21810885
"Your NayaPay OTP for online transaction is 47501609. Do not share this OTP with anyone, not even bank staff.",0,roman_urdu,Bank OTP Message,zenodo_21810885
Apka HBL ka account system error ki waja se block ho gaya hai. Abhi call karein 0368868861 par warna account hamesha k liye band ho jaye ga.,1,roman_urdu,Phishing - Account Block Threat,zenodo_21810885
Easypaisa: Aap ne successfully 1 Lakh PKR transfer kar diye hn. Trx ID: 24105871.,0,roman_urdu,Mobile Wallet Transfer Confirmation,zenodo_21810885
"Dear Consumer, apka is mahine ka LESCO ka bill 1 Lakh PKR hai. Due date guzarne se pehle ada karein.",0,roman_urdu,Utility Bill Payment Reminder,zenodo_21810885
"Moaziz sarif, apka Inaam Ghar ki taraf se 10000 PKR ka inaam nikla hai. Taseeq k liye 0330164624 par OTP bataen.",1,roman_urdu,Phishing - Reward/Lottery Scam,zenodo_21810885
"Bha apke number par ghalti se mere 350 rs aa gaye han easypaisa me, please wapis bhej dain shukar guzar hunga.",1,roman_urdu,Phishing - Wrong Number Refund Scam,zenodo_21810885
Mubarak ho! BISP main apka 350 ka inam lga ha. Apna inam hasil krne k lie apna HBL pin is number par send krin.,1,roman_urdu,Phishing - Reward/Lottery Scam,zenodo_21810885
Apka MCB account hack hone ka khatra hai. Apna password change krne k lie abhi is number par OTP bataen.,1,roman_urdu,Phishing - Account Hack Warning,zenodo_21810885
"Moaziz sarif, apka Ehsaas Program ki taraf se 12500 PKR ka inaam nikla hai. Taseeq k liye 0312611596 par call karein.",1,roman_urdu,Phishing - Government Scheme Scam,zenodo_21810885
"Aap ka Allied Bank debit card ATM par use hua ha. Amount: 75,000 PKR. Agar yeh aap ne nahi kiya toh helpline par call karin.",0,roman_urdu,Bank ATM Transaction Alert,zenodo_21810885
Apka Allied Bank ka account KYC update na hone ki waja se block ho gaya hai. Abhi pin code dain 0381468805 par warna account hamesha k liye band ho jaye ga.,1,roman_urdu,Phishing - Account Block Threat,zenodo_21810885
"Dear Customer, Apke NayaPay account me 50,000 PKR deposit hue hain. Available Balance: 50,000 PKR.",0,roman_urdu,Bank Deposit Notification,zenodo_21810885
FBR ki taraf se apka Allied Bank acc freeze kr dia gya ha. Unblock krwane k lie abhi OTP pin code dain.,1,roman_urdu,Phishing - Account Freeze (FBR) Threat,zenodo_21810885
"Your NayaPay OTP for online transaction is 29843168. Do not share this OTP with anyone, not even bank staff.",0,roman_urdu,Bank OTP Message,zenodo_21810885
"Bhai apke number par ghalti se mere 50,000 rs aa gaye hain easypaisa me, please wapis bhej dain shukar guzar hunga.",1,roman_urdu,Phishing - Wrong Number Refund Scam,zenodo_21810885
"Dear Consumer, apka is mahine ka K-Electric ka bill 2500 PKR hai. Due date guzarne se pehle ada karein.",0,roman_urdu,Utility Bill Payment Reminder,zenodo_21810885
"Your Meezan Bank OTP for online transaction is 59759760. Do not share this OTP with anyone, not even bank staff.",0,roman_urdu,Bank OTP Message,zenodo_21810885
Apka UBL ka account KYC update na hone ki waja se block ho gaya hai. Abhi sms karin 0360910717 par warna account hamesha k liye band ho jaye ga.,1,roman_urdu,Phishing - Account Block Threat,zenodo_21810885
Apka MCB ka account suspicious activity ki waja se block ho gaya hai. Abhi call karein 0350478617 par warna account hamesha k liye band ho jaye ga.,1,roman_urdu,Phishing - Account Block Threat,zenodo_21810885
Easypaisa: Aap ne successfully 350 PKR transfer kar diye hain. Trx ID: 35123250.,0,roman_urdu,Mobile Wallet Transfer Confirmation,zenodo_21810885
"Easypaisa: Aap ne successfully 50,000 PKR transfer kar diye hain. Trx ID: 48928087.",0,roman_urdu,Mobile Wallet Transfer Confirmation,zenodo_21810885
Aap ka State Bank debit card ATM par use hua ha. Amount: 350 PKR. Agar yeh aap ne nahi kiya toh helpline par call krn.,0,roman_urdu,Bank ATM Transaction Alert,zenodo_21810885
"Your JazzCash OTP for online transaction is 65222418. Do not share this OTP with anyone, not even bank staff.",0,roman_urdu,Bank OTP Message,zenodo_21810885
"Dear Consumer, apka is mahine ka Sui Gas ka bill 10000 PKR ha. Due date guzarne se pehle ada kren.",0,roman_urdu,Utility Bill Payment Reminder,zenodo_21810885
Apka Allied Bank account hack hone ka khatra hai. Apna password change krne k lie abhi is number par sms karin.,1,roman_urdu,Phishing - Account Hack Warning,zenodo_21810885
Mubarak ho! Ehsaas Program main apka 10000 ka inam lga ha. Apna inam hasil krne k lie apna Easypaisa pin is number par send krin.,1,roman_urdu,Phishing - Government Scheme Scam,zenodo_21810885
"Moaziz sarif, apka Inaam Ghar ki taraf se 5000 PKR ka inaam nikla h. Taseeq k liye 0340651247 par call kren.",1,roman_urdu,Phishing - Reward/Lottery Scam,zenodo_21810885
FBR ki taraf se apka JazzCash account freeze kr dia gya hai. Unblock krwane k lie abhi OTP call karein.,1,roman_urdu,Phishing - Account Freeze (FBR) Threat,zenodo_21810885
Easypaisa: Aap ne successfully 350 PKR transfer kar diye hain. Trx ID: 97018977.,0,roman_urdu,Mobile Wallet Transfer Confirmation,zenodo_21810885
"Your NayaPay OTP for online transaction is 93465083. Do not share this OTP with anyone, not even bank staff.",0,roman_urdu,Bank OTP Message,zenodo_21810885
Salary of 5000 PKR has been credited to your JazzCash account. Thank you.,0,roman_urdu,Salary Credit Notification,zenodo_21810885
"Moaziz sarif, apka Ehsaas Program ki taraf se 1 Lakh PKR ka inaam nikla hai. Taseeq k liye 0372860792 par call karein.",1,roman_urdu,Phishing - Government Scheme Scam,zenodo_21810885
"Dear Consumer, apka is mahine ka IESCO ka bill 1 Lakh PKR hai. Due date guzarne se pehle ada karein.",0,roman_urdu,Utility Bill Payment Reminder,zenodo_21810885
Easypaisa: Aap ne successfully 10000 PKR transfer kar diye hain. Trx ID: 49833247.,0,roman_urdu,Mobile Wallet Transfer Confirmation,zenodo_21810885
Apka Easypaisa ka account system error ki waja se block ho gaya hai. Abhi details send krain 0342221883 par warna account hamesha k liye band ho jaye ga.,1,roman_urdu,Phishing - Account Block Threat,zenodo_21810885
Aap k Meezan Bank acount se 5000 PKR ki deduction hui ha tax ki madd mein.,0,roman_urdu,Bank Tax Deduction Notification,zenodo_21810885
Apka Meezan Bank ka acc verification na hone ki waja se block ho gaya h. Abhi sms karin 0351693108 par warna acc hamesha k liye band ho jaye ga.,1,roman_urdu,Phishing - Account Block Threat,zenodo_21810885
"Moaziz sarif, apka Jeeto Pakistan ki taraf se 75,000 PKR ka inaam nikla hai. Taseeq k liye 0369837647 par call karein.",1,roman_urdu,Phishing - Reward/Lottery Scam,zenodo_21810885
"Dear Consumer, apka is mahine ka K-Electric ka bill 350 PKR hai. Due date guzarne se pehle ada karein.",0,roman_urdu,Utility Bill Payment Reminder,zenodo_21810885
"Aap ka JazzCash debit card ATM par use hua h. Amount: 50,000 PKR. Agar yeh aap ne nahi kiya toh helpline par call kren.",0,roman_urdu,Bank ATM Transaction Alert,zenodo_21810885
"Moaziz sarif, apka Benazir Income Support ki taraf se 350 PKR ka inaam nikla hai. Taseeq k liye 0393068106 par sms karin.",1,roman_urdu,Phishing - Government Scheme Scam,zenodo_21810885
"Your HBL OTP for online transaction is 86614958. Do not share this OTP with anyone, not even bank staff.",0,roman_urdu,Bank OTP Message,zenodo_21810885
"Moaziz sarif, apka BISP ki taraf se 1 Lakh PKR ka inaam nikla hai. Taseeq k liye 0345978347 par pin code dain.",1,roman_urdu,Phishing - Reward/Lottery Scam,zenodo_21810885
Salary of 5000 PKR has been credited to your UBL acc. Thank you.,0,roman_urdu,Salary Credit Notification,zenodo_21810885
"Your Easypaisa OTP for online transaction is 88859936. Do not share this OTP with anyone, not even bank staff.",0,roman_urdu,Bank OTP Message,zenodo_21810885
Apka SadaPay ka account system error ki waja se block ho gaya hai. Abhi details send krain 0397835803 par warna account hamesha k liye band ho jaye ga.,1,roman_urdu,Phishing - Account Block Threat,zenodo_21810885
"Aap ka NayaPay debit card ATM par use hua ha. Amount: 75,000 PKR. Agar yeh aap ne nahi kiya toh helpline par call karin.",0,roman_urdu,Bank ATM Transaction Alert,zenodo_21810885
Aap k UBL account se 2500 PKR ki deduction hui hai tax ki madd mein.,0,roman_urdu,Bank Tax Deduction Notification,zenodo_21810885
Apka MCB ka account verification na hone ki waja se block ho gaya hai. Abhi pin code dain 0343664262 par warna account hamesha k liye band ho jaye ga.,1,roman_urdu,Phishing - Account Block Threat,zenodo_21810885
Apka NayaPay ka acount tax jama na krwane ki waja se block ho gaya ha. Abhi sms karin 0328391062 par warna acount hamesha k liye band ho jaye ga.,1,roman_urdu,Phishing - Account Block Threat,zenodo_21810885
"Easypaisa: Aap ne successfully 50,000 PKR transfer kar diye hain. Trx ID: 75168771.",0,roman_urdu,Mobile Wallet Transfer Confirmation,zenodo_21810885
Aap ka MCB debit card ATM par use hua h. Amount: 2500 PKR. Agar yeh aap ne nahi kiya toh helpline par call karin.,0,roman_urdu,Bank ATM Transaction Alert,zenodo_21810885
Aap k Allied Bank account se 12500 PKR ki deduction hui hai tax ki madd mein.,0,roman_urdu,Bank Tax Deduction Notification,zenodo_21810885
Apka UBL ka account suspicious activity ki waja se block ho gaya hai. Abhi OTP bataen 0310217016 par warna account hamesha k liye band ho jaye ga.,1,roman_urdu,Phishing - Account Block Threat,zenodo_21810885
Apka State Bank ka account tax jama na krwane ki waja se block ho gaya hai. Abhi rabta krein 0328278456 par warna account hamesha k liye band ho jaye ga.,1,roman_urdu,Phishing - Account Block Threat,zenodo_21810885
"Your Allied Bank OTP for online transaction is 94049906. Do not share this OTP with anyone, not even bank staff.",0,roman_urdu,Bank OTP Message,zenodo_21810885
"Moaziz sarif, apka Benazir Income Support ki taraf se 1 Lakh PKR ka inaam nikla h. Taseeq k liye 0382912813 par pin code dain.",1,roman_urdu,Phishing - Government Scheme Scam,zenodo_21810885
Easypaisa: Aap ne successfully 5000 PKR transfer kar diye hain. Trx ID: 55284237.,0,roman_urdu,Mobile Wallet Transfer Confirmation,zenodo_21810885
"Your MCB OTP for online transaction is 30635972. Do not share this OTP with anyone, not even bank staff.",0,roman_urdu,Bank OTP Message,zenodo_21810885
"Moaziz sarif, apka Inaam Ghar ki taraf se 5000 PKR ka inaam nikla hai. Taseeq k liye 0394519600 par call karein.",1,roman_urdu,Phishing - Reward/Lottery Scam,zenodo_21810885
"Your HBL OTP for online transaction is 78890732. Do not share this OTP with anyone, not even bank staff.",0,roman_urdu,Bank OTP Message,zenodo_21810885
"Bha apke number par ghalti se mere 1 Lakh rs aa gaye han easypaisa me, please wapis bhej dain shukar guzar hunga.",1,roman_urdu,Phishing - Wrong Number Refund Scam,zenodo_21810885
FBR ki taraf se apka MCB account freeze kr dia gya hai. Unblock krwane k lie abhi OTP call karein.,1,roman_urdu,Phishing - Account Freeze (FBR) Threat,zenodo_21810885
Easypaisa: Aap ne successfully 1 Lakh PKR transfer kar diye hain. Trx ID: 40492688.,0,roman_urdu,Mobile Wallet Transfer Confirmation,zenodo_21810885
Salary of 5000 PKR has been credited to your Easypaisa account. Thank you.,0,roman_urdu,Salary Credit Notification,zenodo_21810885
Traffic Police: Apki gari ka E-Challan generate ho gaya ha. Amount 350 PKR. Akhri tareekh se pehle PSCA app k zariye pay krn.,0,roman_urdu,Traffic Challan Notification,zenodo_21810885
Apka UBL account hack hone ka khatra hai. Apna password change krne k lie abhi is number par details send krain.,1,roman_urdu,Phishing - Account Hack Warning,zenodo_21810885
"Dear Consumer, apka is mahine ka WASA ka bill 10000 PKR hai. Due date guzarne se pehle ada karein.",0,roman_urdu,Utility Bill Payment Reminder,zenodo_21810885
"Dear Customer, Apke SadaPay acc me 12500 PKR deposit hue han. Available Balance: 12500 PKR.",0,roman_urdu,Bank Deposit Notification,zenodo_21810885
"Moaziz sarif, apka Inaam Ghar ki taraf se 75,000 PKR ka inaam nikla hai. Taseeq k liye 0389286366 par pin code dain.",1,roman_urdu,Phishing - Reward/Lottery Scam,zenodo_21810885
"Your UBL OTP for online transaction is 89222781. Do not share this OTP with anyone, not even bank staff.",0,roman_urdu,Bank OTP Message,zenodo_21810885
"Dear Customer, Apke Meezan Bank acount me 350 PKR deposit hue hn. Available Balance: 350 PKR.",0,roman_urdu,Bank Deposit Notification,zenodo_21810885
"Your JazzCash OTP for online transaction is 43463971. Do not share this OTP with anyone, not even bank staff.",0,roman_urdu,Bank OTP Message,zenodo_21810885
"Dear Customer, Apke Allied Bank account me 50,000 PKR deposit hue hain. Available Balance: 50,000 PKR.",0,roman_urdu,Bank Deposit Notification,zenodo_21810885
"Dear Consumer, apka is mahine ka IESCO ka bill 2500 PKR hai. Due date guzarne se pehle ada karein.",0,roman_urdu,Utility Bill Payment Reminder,zenodo_21810885
"Easypaisa: Aap ne successfully 75,000 PKR transfer kar diye hn. Trx ID: 67639135.",0,roman_urdu,Mobile Wallet Transfer Confirmation,zenodo_21810885
Mubarak ho! Benazir Income Support main apka 5000 ka inam lga ha. Apna inam hasil krne k lie apna Easypaisa pin is number par send krin.,1,roman_urdu,Phishing - Government Scheme Scam,zenodo_21810885
Easypaisa: Aap ne successfully 1 Lakh PKR transfer kar diye han. Trx ID: 48250903.,0,roman_urdu,Mobile Wallet Transfer Confirmation,zenodo_21810885
FBR ki taraf se apka NayaPay acc freeze kr dia gya h. Unblock krwane k lie abhi OTP call karin.,1,roman_urdu,Phishing - Account Freeze (FBR) Threat,zenodo_21810885
Aap ka Meezan Bank debit card ATM par use hua h. Amount: 350 PKR. Agar yeh aap ne nahi kiya toh helpline par call krn.,0,roman_urdu,Bank ATM Transaction Alert,zenodo_21810885
Aap ka SadaPay debit card ATM par use hua h. Amount: 2500 PKR. Agar yeh aap ne nahi kiya toh helpline par call kren.,0,roman_urdu,Bank ATM Transaction Alert,zenodo_21810885
"Dear Customer, apka ATM card suspend kar dia gya hai. Apni details update krne k liye is link http://bit.ly/update-acc pr click krain.",1,roman_urdu,Phishing - ATM Card Suspend Link,zenodo_21810885
"Dear Consumer, apka is mahine ka Sui Gas ka bill 10000 PKR hai. Due date guzarne se pehle ada karein.",0,roman_urdu,Utility Bill Payment Reminder,zenodo_21810885
Mubarak ho! BISP main apka 12500 ka inam lga ha. Apna inam hasil krne k lie apna Meezan Bank pin is number par send krin.,1,roman_urdu,Phishing - Reward/Lottery Scam,zenodo_21810885
Aap ka JazzCash debit card ATM par use hua hai. Amount: 2500 PKR. Agar yeh aap ne nahi kiya toh helpline par call karein.,0,roman_urdu,Bank ATM Transaction Alert,zenodo_21810885
"Dear Customer, Apke JazzCash account me 350 PKR deposit hue hain. Available Balance: 350 PKR.",0,roman_urdu,Bank Deposit Notification,zenodo_21810885
"Moaziz sarif, apka BISP ki taraf se 5000 PKR ka inaam nikla hai. Taseeq k liye 0335550911 par OTP bataen.",1,roman_urdu,Phishing - Reward/Lottery Scam,zenodo_21810885
Salary of 10000 PKR has been credited to your State Bank acc. Thank you.,0,roman_urdu,Salary Credit Notification,zenodo_21810885
"Dear Customer, Apke JazzCash account me 10000 PKR deposit hue hain. Available Balance: 10000 PKR.",0,roman_urdu,Bank Deposit Notification,zenodo_21810885
"Moaziz sarif, apka BISP ki taraf se 75,000 PKR ka inaam nikla hai. Taseeq k liye 0319865898 par rabta krein.",1,roman_urdu,Phishing - Reward/Lottery Scam,zenodo_21810885
"Salary of 50,000 PKR has been credited to your MCB acount. Thank you.",0,roman_urdu,Salary Credit Notification,zenodo_21810885
Easypaisa: Aap ne successfully 350 PKR transfer kar diye hain. Trx ID: 56801335.,0,roman_urdu,Mobile Wallet Transfer Confirmation,zenodo_21810885
FBR ki taraf se apka Meezan Bank account freeze kr dia gya hai. Unblock krwane k lie abhi OTP call karein.,1,roman_urdu,Phishing - Account Freeze (FBR) Threat,zenodo_21810885
"Salary of 75,000 PKR has been credited to your HBL acount. Thank you.",0,roman_urdu,Salary Credit Notification,zenodo_21810885
"Moaziz sarif, apka Ehsaas Program ki taraf se 10000 PKR ka inaam nikla hai. Taseeq k liye 0365733196 par pin code dain.",1,roman_urdu,Phishing - Government Scheme Scam,zenodo_21810885
"Dear Customer, Apke JazzCash account me 50,000 PKR deposit hue hain. Available Balance: 50,000 PKR.",0,roman_urdu,Bank Deposit Notification,zenodo_21810885
"Aap k Easypaisa account se 75,000 PKR ki deduction hui hai tax ki madd mein.",0,roman_urdu,Bank Tax Deduction Notification,zenodo_21810885
Salary of 12500 PKR has been credited to your UBL acount. Thank you.,0,roman_urdu,Salary Credit Notification,zenodo_21810885
Apka NayaPay account hack hone ka khatra hai. Apna password change krne k lie abhi is number par details send krain.,1,roman_urdu,Phishing - Account Hack Warning,zenodo_21810885
Apka HBL ka account verification na hone ki waja se block ho gaya hai. Abhi sms karin 0354160912 par warna account hamesha k liye band ho jaye ga.,1,roman_urdu,Phishing - Account Block Threat,zenodo_21810885
"Dear Customer, Apke JazzCash acc me 50,000 PKR deposit hue han. Available Balance: 50,000 PKR.",0,roman_urdu,Bank Deposit Notification,zenodo_21810885
Traffic Police: Apki gari ka E-Challan generate ho gaya ha. Amount 10000 PKR. Akhri tareekh se pehle PSCA app k zariye pay krn.,0,roman_urdu,Traffic Challan Notification,zenodo_21810885
"Your UBL OTP for online transaction is 86038460. Do not share this OTP with anyone, not even bank staff.",0,roman_urdu,Bank OTP Message,zenodo_21810885
"Your State Bank OTP for online transaction is 46031040. Do not share this OTP with anyone, not even bank staff.",0,roman_urdu,Bank OTP Message,zenodo_21810885
"Your UBL OTP for online transaction is 86635255. Do not share this OTP with anyone, not even bank staff.",0,roman_urdu,Bank OTP Message,zenodo_21810885
Easypaisa: Aap ne successfully 1 Lakh PKR transfer kar diye hain. Trx ID: 94868058.,0,roman_urdu,Mobile Wallet Transfer Confirmation,zenodo_21810885
"Dear Customer, Apke Allied Bank acc me 2500 PKR deposit hue han. Available Balance: 2500 PKR.",0,roman_urdu,Bank Deposit Notification,zenodo_21810885
"Your NayaPay OTP for online transaction is 69145668. Do not share this OTP with anyone, not even bank staff.",0,roman_urdu,Bank OTP Message,zenodo_21810885
"Mubarak ho! BISP main apka 50,000 ka inam lga ha. Apna inam hasil krne k lie apna State Bank pin is number par send krin.",1,roman_urdu,Phishing - Reward/Lottery Scam,zenodo_21810885
"Moaziz sarif, apka Jeeto Pakistan ki taraf se 10000 PKR ka inaam nikla hai. Taseeq k liye 0350143882 par details send krain.",1,roman_urdu,Phishing - Reward/Lottery Scam,zenodo_21810885
Salary of 10000 PKR has been credited to your MCB acount. Thank you.,0,roman_urdu,Salary Credit Notification,zenodo_21810885
Aap ka UBL debit card ATM par use hua h. Amount: 5000 PKR. Agar yeh aap ne nahi kiya toh helpline par call karin.,0,roman_urdu,Bank ATM Transaction Alert,zenodo_21810885
"Dear Consumer, apka is mahine ka Sui Gas ka bill 2500 PKR hai. Due date guzarne se pehle ada karein.",0,roman_urdu,Utility Bill Payment Reminder,zenodo_21810885
"Your Meezan Bank OTP for online transaction is 88635824. Do not share this OTP with anyone, not even bank staff.",0,roman_urdu,Bank OTP Message,zenodo_21810885
Salary of 12500 PKR has been credited to your Easypaisa account. Thank you.,0,roman_urdu,Salary Credit Notification,zenodo_21810885
"Your HBL OTP for online transaction is 76577681. Do not share this OTP with anyone, not even bank staff.",0,roman_urdu,Bank OTP Message,zenodo_21810885
